2025-09-15 20:41:02 [ERROR]: Error al registrar usuario: ValidationError: age: Path `age` is required., last_name: Path `last_name` is required., first_name: Path `first_name` is required.
2025-09-15 20:41:02 [INFO]: POST /users/register - 500 (3051ms)
2025-09-15 20:44:03 [INFO]: Usuario registrado: ignacio@example.com
2025-09-15 20:44:03 [INFO]: POST /users/register - 201 (2401ms)
2025-09-15 20:44:55 [INFO]: Usuario logueado: ignacio@example.com
2025-09-15 20:44:55 [INFO]: POST /users/login - 200 (119ms)
2025-09-15 21:01:37 [INFO]: Usuario registrado: ignacio@test.com
2025-09-15 21:01:37 [INFO]: POST /users/register - 201 (2780ms)
2025-09-15 21:03:14 [INFO]: Usuario logueado: ignacio@test.com
2025-09-15 21:03:14 [INFO]: POST /users/login - 200 (62ms)
2025-09-16 19:54:38 [INFO]: GET /api/docs - 404 (14ms)
2025-09-16 19:56:16 [INFO]: GET /api/docs - 404 (4ms)
2025-09-16 20:06:40 [INFO]: POST /users/register - 400 (12ms)
2025-09-16 20:08:29 [WARN]: ⚠️ Intento fallido de login para ignaalcaniz@gmail.com
2025-09-16 20:08:29 [ERROR]: ❌ Error en login: Credenciales incorrectas
2025-09-16 20:08:29 [INFO]: POST /users/login - 401 (105ms)
2025-09-16 20:21:21 [INFO]: POST /users/register - 400 (3ms)
2025-09-16 20:21:55 [INFO]: POST /users/register - 400 (2ms)
2025-09-16 20:22:25 [INFO]: POST /users/register - 400 (2ms)
2025-09-16 20:34:13 [ERROR]: ❌ Error al registrar usuario: El usuario ya existe
2025-09-16 20:34:13 [INFO]: POST /users/register - 404 (63ms)
2025-09-16 20:35:07 [WARN]: ⚠️ Intento fallido de login para ignaalcaniz@gmail.com
2025-09-16 20:35:07 [ERROR]: ❌ Error en login: Credenciales incorrectas
2025-09-16 20:35:07 [INFO]: POST /users/login - 401 (83ms)
2025-09-16 20:36:10 [WARN]: ⚠️ Intento fallido de login para ignaalcaniz@gmail.com
2025-09-16 20:36:10 [ERROR]: ❌ Error en login: Credenciales incorrectas
2025-09-16 20:36:10 [INFO]: POST /users/login - 401 (152ms)
2025-09-16 20:55:38 [INFO]: 🆕 Usuario registrado: ignaalcaniz@gmail.com
2025-09-16 20:55:39 [INFO]: POST /users/register - 201 (950ms)
2025-09-16 20:56:09 [INFO]: ✅ Usuario logueado: ignaalcaniz@gmail.com
2025-09-16 20:56:09 [INFO]: POST /users/login - 200 (89ms)
2025-09-16 21:12:35 [INFO]: ✅ Usuario logueado: ignaalcaniz@gmail.com
2025-09-16 21:12:35 [INFO]: POST /users/login - 200 (155ms)
2025-09-16 21:17:31 [INFO]: 🆕 Usuario registrado: ignaalcaniz@gmail.com
2025-09-16 21:17:32 [INFO]: POST /users/register - 201 (1341ms)
2025-09-17 08:38:17 [INFO]: 🆕 Usuario registrado: ignaalcaniz@gmail.com
2025-09-17 08:38:19 [INFO]: POST /users/register - 201 (1833ms)
2025-09-17 09:26:46 [INFO]: GET / - 500 (20ms)
2025-09-17 11:22:40 [INFO]: 🆕 Usuario registrado: ignaalcaniz@gmail.com
2025-09-17 11:22:40 [INFO]: POST /users/register - 201 (749ms)
2025-09-18 19:22:00 [ERROR]: ❌ Error al registrar usuario: El usuario ya existe
2025-09-18 19:22:00 [INFO]: POST /users/register - 404 (58ms)
2025-09-18 19:23:19 [INFO]: 🆕 Usuario registrado: ignaalcaniz@gmail.com
2025-09-18 19:23:20 [INFO]: POST /users/register - 201 (1597ms)
2025-09-18 19:31:28 [INFO]: ✅ Usuario logueado: ignaalcaniz@gmail.com
2025-09-18 19:31:28 [INFO]: POST /users/login - 200 (180ms)
2025-09-19 10:33:08 [INFO]: 🆕 Usuario registrado: ignaalcaniz@gmail.com
2025-09-19 10:33:10 [INFO]: POST /users/register - 201 (2085ms)
2025-09-19 10:43:16 [INFO]: 🆕 Usuario registrado: ignaalcaniz@gmail.com
2025-09-19 10:43:17 [INFO]: POST /users/register - 201 (1811ms)
2025-09-19 10:45:18 [INFO]: 🆕 Usuario registrado: ignaalcaniz@gmail.com
2025-09-19 10:45:18 [INFO]: POST /users/register - 201 (528ms)
2025-09-19 10:58:40 [INFO]: 🆕 Usuario registrado: ignaalcaniz@gmail.com
2025-09-19 10:58:41 [INFO]: POST /users/register - 201 (1137ms)
2025-09-19 11:00:31 [INFO]: 🆕 Usuario registrado: ignaalcaniz@gmail.com
2025-09-19 11:00:32 [INFO]: POST /users/register - 201 (1482ms)
2025-09-19 11:03:37 [INFO]: 🆕 Usuario registrado: ignaalcaniz@gmail.com
2025-09-19 11:03:38 [INFO]: POST /users/register - 201 (451ms)
2025-09-19 11:09:22 [INFO]: 🆕 Usuario registrado: ignaalcaniz@gmail.com
2025-09-19 11:09:23 [INFO]: POST /users/register - 201 (477ms)
2025-09-19 11:13:24 [ERROR]: ❌ Error al registrar usuario: El usuario ya existe
2025-09-19 11:13:24 [INFO]: POST /users/register - 404 (47ms)
2025-09-19 11:13:43 [INFO]: 🆕 Usuario registrado: ignaalcaniz@gmail.com
2025-09-19 11:13:43 [INFO]: POST /users/register - 201 (679ms)
2025-09-19 11:20:01 [INFO]: 🆕 Usuario registrado: ignaalcaniz@gmail.com
2025-09-19 11:20:01 [INFO]: POST /users/register - 201 (501ms)
2025-09-19 14:03:43 [INFO]: 🆕 Usuario registrado: ignaalcaniz@gmail.com
2025-09-19 14:03:44 [INFO]: POST /users/register - 201 (1338ms)
2025-09-19 14:29:24 [INFO]: 🆕 Usuario registrado: ignaalcaniz@gmail.com
2025-09-19 14:29:25 [INFO]: POST /users/register - 201 (1319ms)
2025-09-19 14:36:43 [INFO]: ✅ Usuario logueado: ignaalcaniz@gmail.com
2025-09-19 14:36:43 [INFO]: POST /users/login - 200 (166ms)
2025-09-19 14:55:06 [INFO]: Producto 67e70c668b211e1c1e76fd67 agregado al carrito 68cd92f48e98740a669d9c59
2025-09-19 14:55:06 [INFO]: POST /carts/products/67e70c668b211e1c1e76fd67 - 200 (62ms)
2025-09-19 14:56:15 [INFO]: POST /ticket/purchase - 500 (6ms)
2025-09-19 15:09:37 [INFO]: 🆕 Usuario registrado: ignaalcaniz@gmail.com
2025-09-19 15:09:38 [INFO]: POST /users/register - 201 (1605ms)
2025-09-19 15:10:00 [INFO]: ✅ Usuario logueado: ignaalcaniz@gmail.com
2025-09-19 15:10:00 [INFO]: POST /users/login - 200 (142ms)
2025-09-19 15:10:36 [INFO]: Producto 67e70c668b211e1c1e76fd67 agregado al carrito 68cd9c618c33fc51e56dd823
2025-09-19 15:10:36 [INFO]: POST /carts/products/67e70c668b211e1c1e76fd67 - 200 (46ms)
2025-09-19 15:11:03 [ERROR]: ❌ Error al generar ticket: Cannot read properties of undefined (reading 'services')
2025-09-19 15:11:03 [INFO]: POST /ticket/purchase - 500 (48ms)
2025-09-19 15:35:10 [INFO]: 🆕 Usuario registrado: ignaalcaniz@gmail.com
2025-09-19 15:35:12 [INFO]: POST /users/register - 201 (1885ms)
2025-09-19 15:35:45 [INFO]: ✅ Usuario logueado: ignaalcaniz@gmail.com
2025-09-19 15:35:45 [INFO]: POST /users/login - 200 (292ms)
2025-09-19 15:36:15 [INFO]: Producto 67e70c668b211e1c1e76fd67 agregado al carrito 68cda25ee37e6334ad283304
2025-09-19 15:36:15 [INFO]: POST /carts/products/67e70c668b211e1c1e76fd67 - 200 (322ms)
2025-09-19 15:36:26 [ERROR]: ❌ Error al generar ticket: Cannot read properties of undefined (reading 'services')
2025-09-19 15:36:26 [INFO]: POST /ticket/purchase - 500 (14ms)
2025-09-19 15:43:42 [INFO]: 🆕 Usuario registrado: ignaalcaniz@gmail.com
2025-09-19 15:43:45 [INFO]: POST /users/register - 201 (3068ms)
2025-09-19 15:44:08 [INFO]: ✅ Usuario logueado: ignaalcaniz@gmail.com
2025-09-19 15:44:08 [INFO]: POST /users/login - 200 (78ms)
2025-09-19 15:44:41 [INFO]: Producto 67e70c668b211e1c1e76fd67 agregado al carrito 68cda45dfacda59d43361dea
2025-09-19 15:44:41 [INFO]: POST /carts/products/67e70c668b211e1c1e76fd67 - 200 (65ms)
2025-09-19 15:45:49 [ERROR]: ❌ Error al generar ticket: this.dao.create is not a function
2025-09-19 15:45:49 [INFO]: POST /ticket/purchase - 500 (31ms)
2025-09-19 15:57:55 [ERROR]: ❌ Error al registrar usuario: El usuario ya existe
2025-09-19 15:57:55 [INFO]: POST /users/register - 404 (18ms)
2025-09-19 15:58:13 [INFO]: 🆕 Usuario registrado: ignaalcaniz@gmail.com
2025-09-19 15:58:14 [INFO]: POST /users/register - 201 (1425ms)
2025-09-19 15:58:28 [INFO]: ✅ Usuario logueado: ignaalcaniz@gmail.com
2025-09-19 15:58:28 [INFO]: POST /users/login - 200 (171ms)
2025-09-19 15:59:01 [INFO]: Producto 67e70c668b211e1c1e76fd67 agregado al carrito 68cda7c5e75d78099f521990
2025-09-19 15:59:01 [INFO]: POST /carts/products/67e70c668b211e1c1e76fd67 - 200 (85ms)
2025-09-19 15:59:09 [ERROR]: ❌ Error al generar ticket: ValidationError: amount: Cast to Number failed for value "NaN" (type number) at path "amount", purchaser: Path `purchaser` is required.
2025-09-19 15:59:09 [INFO]: POST /ticket/purchase - 500 (101ms)
2025-09-19 16:01:59 [INFO]: 🆕 Usuario registrado: ignaalcaniz@gmail.com
2025-09-19 16:02:01 [INFO]: POST /users/register - 201 (2051ms)
2025-09-19 16:02:13 [INFO]: ✅ Usuario logueado: ignaalcaniz@gmail.com
2025-09-19 16:02:13 [INFO]: POST /users/login - 200 (162ms)
2025-09-19 16:02:43 [INFO]: POST /carts/products/67e70c668b211e1c1e76fd67 - 401 (3ms)
2025-09-19 16:02:51 [INFO]: POST /ticket/purchase - 401 (2ms)
2025-09-19 16:29:41 [INFO]: 🆕 Usuario registrado: ignaalcaniz@gmail.com
2025-09-19 16:29:43 [INFO]: POST /users/register - 201 (1986ms)
2025-09-19 16:30:09 [INFO]: ✅ Usuario logueado: ignaalcaniz@gmail.com
2025-09-19 16:30:09 [INFO]: POST /users/login - 200 (168ms)
2025-09-19 16:30:40 [INFO]: Producto 67e70c668b211e1c1e76fd67 agregado al carrito 68cdaf253c734d9d864ba45f
2025-09-19 16:30:40 [INFO]: POST /carts/products/67e70c668b211e1c1e76fd67 - 200 (55ms)
2025-09-19 16:30:49 [INFO]: 🎟️ Ticket generado para el usuario undefined
2025-09-19 16:30:49 [INFO]: POST /ticket/purchase - 201 (57ms)
2025-09-19 16:35:55 [INFO]: 🆕 Usuario registrado: ignaalcaniz@gmail.com
2025-09-19 16:35:57 [INFO]: POST /users/register - 201 (1534ms)
2025-09-19 16:36:23 [INFO]: ✅ Usuario logueado: ignaalcaniz@gmail.com
2025-09-19 16:36:23 [INFO]: POST /users/login - 200 (130ms)
2025-09-19 16:36:50 [INFO]: Producto 67e70c668b211e1c1e76fd67 agregado al carrito 68cdb09bfb9ebddeaf11d6f6
2025-09-19 16:36:50 [INFO]: POST /carts/products/67e70c668b211e1c1e76fd67 - 200 (84ms)
2025-09-19 16:37:20 [INFO]: 🎟️ Ticket generado para el usuario undefined
2025-09-19 16:37:20 [INFO]: POST /ticket/purchase - 201 (35ms)
2025-09-19 16:41:17 [INFO]: 🆕 Usuario registrado: ignaalcaniz@gmail.com
2025-09-19 16:41:18 [INFO]: POST /users/register - 201 (1508ms)
2025-09-19 16:42:12 [INFO]: ✅ Usuario logueado: ignaalcaniz@gmail.com
2025-09-19 16:42:12 [INFO]: POST /users/login - 200 (83ms)
2025-09-19 16:43:00 [INFO]: Producto 67e70c668b211e1c1e76fd67 agregado al carrito 68cdb1ddef1448508dda973c
2025-09-19 16:43:00 [INFO]: POST /carts/products/67e70c668b211e1c1e76fd67 - 200 (43ms)
2025-09-19 16:43:10 [INFO]: 🎟️ Ticket generado para el usuario undefined
2025-09-19 16:43:10 [INFO]: POST /ticket/purchase - 201 (56ms)
2025-09-19 16:47:01 [INFO]: 🆕 Usuario registrado: ignaalcaniz@gmail.com
2025-09-19 16:47:02 [INFO]: POST /users/register - 201 (1478ms)
2025-09-19 16:47:19 [INFO]: ✅ Usuario logueado: ignaalcaniz@gmail.com
2025-09-19 16:47:19 [INFO]: POST /users/login - 200 (127ms)
2025-09-19 16:47:48 [INFO]: Producto 67e70c668b211e1c1e76fd67 agregado al carrito 68cdb3349f11513e407cbb59
2025-09-19 16:47:48 [INFO]: POST /carts/products/67e70c668b211e1c1e76fd67 - 200 (82ms)
2025-09-19 16:47:57 [INFO]: 🎟️ Ticket generado para el usuario undefined
2025-09-19 16:47:57 [INFO]: POST /ticket/purchase - 201 (29ms)
2025-09-19 16:52:55 [INFO]: 🆕 Usuario registrado: ignaalcaniz@gmail.com
2025-09-19 16:52:56 [INFO]: POST /users/register - 201 (1386ms)
2025-09-19 16:53:09 [INFO]: ✅ Usuario logueado: ignaalcaniz@gmail.com
2025-09-19 16:53:09 [INFO]: POST /users/login - 200 (179ms)
2025-09-19 16:53:32 [INFO]: Producto 67e70c668b211e1c1e76fd67 agregado al carrito 68cdb497595613af1023fa46
2025-09-19 16:53:32 [INFO]: POST /carts/products/67e70c668b211e1c1e76fd67 - 200 (61ms)
2025-09-19 16:53:41 [ERROR]: ❌ Error al generar ticket: Cannot read properties of undefined (reading 'split')
2025-09-19 16:53:41 [INFO]: POST /ticket/purchase - 500 (62ms)
2025-09-19 16:56:00 [INFO]: 🆕 Usuario registrado: ignaalcaniz@gmail.com
2025-09-19 16:56:02 [INFO]: POST /users/register - 201 (1476ms)
2025-09-19 16:56:20 [INFO]: ✅ Usuario logueado: ignaalcaniz@gmail.com
2025-09-19 16:56:20 [INFO]: POST /users/login - 200 (185ms)
2025-09-19 16:56:53 [INFO]: Producto 67e70c668b211e1c1e76fd67 agregado al carrito 68cdb550881a221d077c65df
2025-09-19 16:56:53 [INFO]: POST /carts/products/67e70c668b211e1c1e76fd67 - 200 (50ms)
2025-09-19 16:56:59 [ERROR]: ❌ Error al generar ticket: Usuario no encontrado
2025-09-19 16:56:59 [INFO]: POST /ticket/purchase - 404 (17ms)
2025-09-19 17:33:44 [INFO]: 🆕 Usuario registrado: ignaalcaniz@gmail.com
2025-09-19 17:33:45 [INFO]: POST /users/register - 201 (1226ms)
2025-09-19 17:34:03 [INFO]: ✅ Usuario logueado: ignaalcaniz@gmail.com
2025-09-19 17:34:03 [INFO]: POST /users/login - 200 (119ms)
2025-09-19 17:34:31 [INFO]: Producto 67e70c668b211e1c1e76fd67 agregado al carrito 68cdbe2828e45c463c6419d0
2025-09-19 17:34:31 [INFO]: POST /carts/products/67e70c668b211e1c1e76fd67 - 200 (53ms)
2025-09-19 17:34:37 [ERROR]: ❌ Error al generar ticket: Usuario no autenticado
2025-09-19 17:34:37 [INFO]: POST /ticket/purchase - 401 (10ms)
2025-09-19 17:52:40 [INFO]: 🆕 Usuario registrado: ignaalcaniz@gmail.com
2025-09-19 17:52:41 [INFO]: POST /users/register - 201 (1143ms)
2025-09-19 17:52:57 [INFO]: ✅ Usuario logueado: ignaalcaniz@gmail.com
2025-09-19 17:52:57 [INFO]: POST /users/login - 200 (78ms)
2025-09-19 17:53:25 [INFO]: Producto 67e70c668b211e1c1e76fd67 agregado al carrito 68cdc29800f7e04fe49a162f
2025-09-19 17:53:25 [INFO]: POST /carts/products/67e70c668b211e1c1e76fd67 - 200 (29ms)
2025-09-19 17:53:35 [INFO]: 🎟️ Ticket generado para el usuario undefined
2025-09-19 17:53:35 [INFO]: POST /ticket/purchase - 201 (36ms)
2025-09-19 18:02:23 [INFO]: 🆕 Usuario registrado: ignaalcaniz@gmail.com
2025-09-19 18:02:25 [INFO]: POST /users/register - 201 (1330ms)
2025-09-19 18:02:41 [INFO]: ✅ Usuario logueado: ignaalcaniz@gmail.com
2025-09-19 18:02:41 [INFO]: POST /users/login - 200 (150ms)
2025-09-19 18:03:06 [INFO]: Producto 67e70c668b211e1c1e76fd67 agregado al carrito 68cdc4dffb853f9fe63d4c1a
2025-09-19 18:03:06 [INFO]: POST /carts/products/67e70c668b211e1c1e76fd67 - 200 (52ms)
2025-09-19 18:03:15 [ERROR]: ❌ Error al generar ticket: Usuario no autenticado
2025-09-19 18:03:15 [INFO]: POST /ticket/purchase - 401 (12ms)
2025-09-19 18:17:20 [INFO]: 🆕 Usuario registrado: ignaalcaniz@gmail.com
2025-09-19 18:17:21 [INFO]: POST /users/register - 201 (1318ms)
2025-09-19 18:21:37 [INFO]: ✅ Usuario logueado: ignaalcaniz@gmail.com
2025-09-19 18:21:37 [INFO]: POST /users/login - 200 (166ms)
2025-09-19 18:22:01 [INFO]: POST /carts/products/67e70c668b211e1c1e76fd67 - 401 (2ms)
2025-09-19 18:22:13 [INFO]: POST /ticket/purchase - 401 (2ms)
2025-09-21 17:47:49 [INFO]: 🆕 Usuario registrado: ignaalcaniz@gmail.com
2025-09-21 17:47:51 [INFO]: POST /users/register - 201 (1852ms)
2025-09-21 17:48:16 [INFO]: ✅ Usuario logueado: ignaalcaniz@gmail.com
2025-09-21 17:48:16 [INFO]: POST /users/login - 200 (157ms)
2025-09-21 17:49:00 [INFO]: Producto 67e70c668b211e1c1e76fd67 agregado al carrito { _id: new ObjectId('68d06475023c21b2c3e6e263'), products: [], __v: 0 }
2025-09-21 17:49:00 [INFO]: POST /carts/products/67e70c668b211e1c1e76fd67 - 200 (98ms)
2025-09-21 17:49:30 [INFO]: 🎟️ Ticket generado para el usuario ignaalcaniz@gmail.com
2025-09-21 17:49:30 [INFO]: POST /ticket/purchase - 201 (48ms)
2025-09-21 17:56:09 [INFO]: ✅ Usuario logueado: ignaalcaniz@gmail.com
2025-09-21 17:56:09 [INFO]: POST /users/login - 200 (188ms)
2025-09-21 17:56:44 [ERROR]: Error al agregar producto al carrito: Error: Producto no encontrado
2025-09-21 17:56:44 [INFO]: POST /carts/products/68d06475023c21b2c3e6e265 - 500 (34ms)
2025-09-21 17:57:36 [INFO]: POST /carts/products/67e70c668b211e1c1e76fd67 - 401 (3ms)
2025-09-21 17:58:28 [INFO]: POST /carts/products/67e70c668b211e1c1e76fd67 - 401 (1ms)
2025-09-21 17:58:55 [INFO]: ✅ Usuario logueado: ignaalcaniz@gmail.com
2025-09-21 17:58:55 [INFO]: POST /users/login - 200 (138ms)
2025-09-21 17:59:27 [INFO]: Producto 67e70c668b211e1c1e76fd67 agregado al carrito { _id: new ObjectId('68d06475023c21b2c3e6e263'), products: [], __v: 0 }
2025-09-21 17:59:27 [INFO]: POST /carts/products/67e70c668b211e1c1e76fd67 - 200 (70ms)
2025-09-21 17:59:38 [INFO]: 🎟️ Ticket generado para el usuario ignaalcaniz@gmail.com
2025-09-21 17:59:40 [INFO]: POST /ticket/purchase - 201 (1675ms)
2025-09-21 18:07:51 [INFO]: ✅ Usuario logueado: ignaalcaniz@gmail.com
2025-09-21 18:07:51 [INFO]: POST /users/login - 200 (153ms)
2025-09-21 18:08:19 [INFO]: Producto 67e70c668b211e1c1e76fd67 agregado al carrito [object Object]
2025-09-21 18:08:19 [INFO]: POST /carts/products/67e70c668b211e1c1e76fd67 - 200 (266ms)
2025-09-21 18:08:41 [ERROR]: ❌ Error al generar ticket: Usuario no encontrado
2025-09-21 18:08:41 [INFO]: POST /ticket/purchase - 404 (29ms)
2025-09-21 18:38:11 [INFO]: ✅ Usuario logueado: ignaalcaniz@gmail.com
2025-09-21 18:38:11 [INFO]: POST /users/login - 200 (69ms)
2025-09-21 18:41:21 [INFO]: ✅ Usuario logueado: ignaalcaniz@gmail.com
2025-09-21 18:41:21 [INFO]: POST /users/login - 200 (149ms)
2025-09-21 18:41:41 [INFO]: Producto 67e70c668b211e1c1e76fd67 agregado al carrito [object Object]
2025-09-21 18:41:41 [INFO]: POST /carts/products/67e70c668b211e1c1e76fd67 - 200 (98ms)
2025-09-21 18:41:46 [ERROR]: ❌ Error al generar ticket: Usuario no encontrado
2025-09-21 18:41:46 [INFO]: POST /ticket/purchase - 404 (43ms)
2025-09-21 18:50:05 [INFO]: 🆕 Usuario registrado: ignaalcaniz@gmail.com
2025-09-21 18:50:06 [INFO]: POST /users/register - 201 (1648ms)
2025-09-21 18:50:21 [INFO]: ✅ Usuario logueado: ignaalcaniz@gmail.com
2025-09-21 18:50:21 [INFO]: POST /users/login - 200 (176ms)
2025-09-21 18:50:41 [INFO]: Producto 67e70c668b211e1c1e76fd67 agregado al carrito [object Object]
2025-09-21 18:50:41 [INFO]: POST /carts/products/67e70c668b211e1c1e76fd67 - 200 (87ms)
2025-09-21 18:51:03 [ERROR]: ❌ Error al generar ticket: Cannot read properties of undefined (reading 'toString')
2025-09-21 18:51:03 [INFO]: POST /ticket/purchase - 500 (24ms)
2025-09-21 18:59:54 [INFO]: 🆕 Usuario registrado: ignaalcaniz@gmail.com
2025-09-21 18:59:56 [INFO]: POST /users/register - 201 (1779ms)
2025-09-21 19:00:08 [INFO]: ✅ Usuario logueado: ignaalcaniz@gmail.com
2025-09-21 19:00:08 [INFO]: POST /users/login - 200 (158ms)
2025-09-21 19:00:27 [INFO]: Producto 67e70c668b211e1c1e76fd67 agregado al carrito [object Object]
2025-09-21 19:00:27 [INFO]: POST /carts/products/67e70c668b211e1c1e76fd67 - 200 (88ms)
2025-09-21 19:00:37 [INFO]: 🎟️ Ticket generado para el usuario ignaalcaniz@gmail.com
2025-09-21 19:00:37 [INFO]: POST /ticket/purchase - 201 (35ms)
2025-09-21 19:07:51 [INFO]: ✅ Usuario logueado: ignaalcaniz@gmail.com
2025-09-21 19:07:51 [INFO]: POST /users/login - 200 (159ms)
2025-09-21 19:08:15 [INFO]: POST /carts/products/67e70c668b211e1c1e76fd67 - 500 (46ms)
2025-09-21 19:19:29 [INFO]: 🆕 Usuario registrado: ignaalcaniz@gmail.com
2025-09-21 19:19:30 [INFO]: POST /users/register - 201 (1238ms)
2025-09-21 19:19:42 [INFO]: ✅ Usuario logueado: ignaalcaniz@gmail.com
2025-09-21 19:19:42 [INFO]: POST /users/login - 200 (157ms)
2025-09-21 19:20:04 [INFO]: Producto 67e70c668b211e1c1e76fd67 agregado al carrito [object Object]
2025-09-21 19:20:04 [INFO]: POST /carts/products/67e70c668b211e1c1e76fd67 - 200 (44ms)
2025-09-21 19:20:12 [ERROR]: ❌ Error al generar ticket: Usuario no encontrado
2025-09-21 19:20:12 [INFO]: POST /ticket/purchase - 404 (9ms)
2025-09-21 19:26:31 [INFO]: ✅ Usuario logueado: ignaalcaniz@gmail.com
2025-09-21 19:26:31 [INFO]: POST /users/login - 200 (141ms)
2025-09-21 19:27:15 [INFO]: Producto 67e70c668b211e1c1e76fd67 agregado al carrito [object Object]
2025-09-21 19:27:15 [INFO]: POST /carts/products/67e70c668b211e1c1e76fd67 - 200 (37ms)
2025-09-21 19:27:31 [ERROR]: ❌ Error al generar ticket: Usuario no encontrado
2025-09-21 19:27:31 [INFO]: POST /ticket/purchase - 404 (24ms)
2025-09-21 19:36:29 [INFO]: 🆕 Usuario registrado: ignaalcaniz@gmail.com
2025-09-21 19:36:30 [INFO]: POST /users/register - 201 (1254ms)
2025-09-21 19:36:43 [INFO]: ✅ Usuario logueado: ignaalcaniz@gmail.com
2025-09-21 19:36:43 [INFO]: POST /users/login - 200 (104ms)
2025-09-21 19:37:05 [INFO]: Producto 67e70c668b211e1c1e76fd67 agregado al carrito [object Object]
2025-09-21 19:37:05 [INFO]: POST /carts/products/67e70c668b211e1c1e76fd67 - 200 (43ms)
2025-09-21 19:37:14 [ERROR]: ❌ Error al generar ticket: Usuario no encontrado
2025-09-21 19:37:14 [INFO]: POST /ticket/purchase - 404 (17ms)
2025-09-21 19:41:55 [INFO]: ✅ Usuario logueado: ignaalcaniz@gmail.com
2025-09-21 19:41:55 [INFO]: POST /users/login - 200 (225ms)
2025-09-21 19:42:16 [INFO]: Producto 67e70c668b211e1c1e76fd67 agregado al carrito [object Object]
2025-09-21 19:42:16 [INFO]: POST /carts/products/67e70c668b211e1c1e76fd67 - 200 (46ms)
2025-09-21 19:42:26 [ERROR]: ❌ Error al generar ticket: Usuario no encontrado
2025-09-21 19:42:26 [INFO]: POST /ticket/purchase - 404 (14ms)
2025-09-22 15:51:50 [INFO]: 🆕 Usuario registrado: ignaalcaniz@gmail.com
2025-09-22 15:51:51 [INFO]: POST /users/register - 201 (1357ms)
2025-09-22 15:52:05 [INFO]: ✅ Usuario logueado: ignaalcaniz@gmail.com
2025-09-22 15:52:05 [INFO]: POST /users/login - 200 (139ms)
2025-09-22 15:52:24 [INFO]: Producto 67e70c668b211e1c1e76fd67 agregado al carrito [object Object]
2025-09-22 15:52:24 [INFO]: POST /carts/products/67e70c668b211e1c1e76fd67 - 200 (62ms)
2025-09-22 15:52:36 [INFO]: 🎟️ Ticket generado para ignaalcaniz@gmail.com
2025-09-22 15:52:36 [INFO]: POST /ticket/purchase - 201 (1015ms)
2025-09-22 16:55:51 [INFO]: 🆕 Usuario registrado: ignaalcaniz@gmail.com
2025-09-22 16:55:51 [INFO]: POST /users/register - 201 (426ms)
2025-09-22 16:57:00 [INFO]: POST /users/login - 200 (69ms)
2025-09-22 16:57:21 [INFO]: Producto 67e70c668b211e1c1e76fd67 agregado al carrito [object Object]
2025-09-22 16:57:21 [INFO]: POST /carts/products/67e70c668b211e1c1e76fd67 - 200 (28ms)
2025-09-22 16:57:30 [ERROR]: ❌ Error al generar ticket: Cannot read properties of undefined (reading 'first_name')
2025-09-22 16:57:30 [INFO]: POST /ticket/purchase - 500 (34ms)
2025-09-22 20:51:23 [INFO]: 🆕 Usuario registrado: ignaalcaniz@gmail.com
2025-09-22 20:51:24 [INFO]: POST /users/register - 201 (1460ms)
2025-09-22 20:51:41 [INFO]: POST /users/login - 200 (82ms)
2025-09-22 20:52:09 [INFO]: Producto 67e70c668b211e1c1e76fd67 agregado al carrito [object Object]
2025-09-22 20:52:09 [INFO]: POST /carts/products/67e70c668b211e1c1e76fd67 - 200 (161ms)
2025-09-22 20:52:35 [ERROR]: ❌ Error al generar ticket: Usuario no encontrado
2025-09-22 20:52:35 [INFO]: POST /ticket/purchase - 404 (25ms)
2025-09-22 21:15:27 [INFO]: 🆕 Usuario registrado: ignaalcaniz@gmail.com
2025-09-22 21:15:29 [INFO]: POST /users/register - 201 (2045ms)
2025-09-22 21:15:40 [INFO]: POST /users/login - 200 (126ms)
2025-09-22 21:16:00 [INFO]: Producto 67e70c668b211e1c1e76fd67 agregado al carrito [object Object]
2025-09-22 21:16:00 [INFO]: POST /carts/products/67e70c668b211e1c1e76fd67 - 200 (35ms)
2025-09-22 21:16:46 [INFO]: 🎟️ Ticket generado para ignaalcaniz@gmail.com
2025-09-22 21:16:46 [INFO]: POST /ticket/purchase - 201 (94ms)
2025-09-22 21:29:38 [INFO]: 🆕 Usuario registrado: ignaalcaniz@gmail.com
2025-09-22 21:29:39 [INFO]: POST /users/register - 201 (1347ms)
2025-09-22 21:29:50 [INFO]: POST /users/login - 200 (174ms)
2025-09-22 21:30:08 [INFO]: Producto 67e70c668b211e1c1e76fd67 agregado al carrito [object Object]
2025-09-22 21:30:08 [INFO]: POST /carts/products/67e70c668b211e1c1e76fd67 - 200 (111ms)
2025-09-22 21:30:29 [INFO]: Producto 67f037cf5da701c29225daf0 agregado al carrito [object Object]
2025-09-22 21:30:29 [INFO]: POST /carts/products/67f037cf5da701c29225daf0 - 200 (77ms)
2025-09-22 21:30:39 [ERROR]: ❌ Error al generar ticket: Usuario no encontrado
2025-09-22 21:30:39 [INFO]: POST /ticket/purchase - 404 (28ms)
2025-09-22 21:37:41 [INFO]: 🆕 Usuario registrado: ignaalcaniz@gmail.com
2025-09-22 21:37:42 [INFO]: POST /users/register - 201 (1305ms)
2025-09-22 21:38:05 [INFO]: POST /users/login - 200 (79ms)
2025-09-22 21:38:26 [INFO]: Producto 67e70c668b211e1c1e76fd67 agregado al carrito [object Object]
2025-09-22 21:38:26 [INFO]: POST /carts/products/67e70c668b211e1c1e76fd67 - 200 (51ms)
2025-09-22 21:38:42 [INFO]: Producto 67f41c214516c2d352a0d6f4 agregado al carrito [object Object]
2025-09-22 21:38:42 [INFO]: POST /carts/products/67f41c214516c2d352a0d6f4 - 200 (22ms)
2025-09-22 21:38:43 [INFO]: Producto 67f41c214516c2d352a0d6f4 agregado al carrito [object Object]
2025-09-22 21:38:43 [INFO]: POST /carts/products/67f41c214516c2d352a0d6f4 - 200 (50ms)
2025-09-22 21:38:56 [INFO]: 🎟️ Ticket generado para ignaalcaniz@gmail.com
2025-09-22 21:38:56 [INFO]: POST /ticket/purchase - 201 (61ms)
2025-09-22 21:51:47 [INFO]: 🆕 Usuario registrado: ignaalcaniz@gmail.com
2025-09-22 21:51:49 [INFO]: POST /users/register - 201 (2249ms)
2025-09-22 21:52:00 [INFO]: POST /users/login - 200 (143ms)
2025-09-22 21:52:17 [INFO]: Producto 67e70c668b211e1c1e76fd67 agregado al carrito [object Object]
2025-09-22 21:52:17 [INFO]: POST /carts/products/67e70c668b211e1c1e76fd67 - 200 (101ms)
2025-09-22 21:52:28 [INFO]: Producto 67f41c214516c2d352a0d6f4 agregado al carrito [object Object]
2025-09-22 21:52:28 [INFO]: POST /carts/products/67f41c214516c2d352a0d6f4 - 200 (77ms)
2025-09-22 21:52:42 [INFO]: 🎟️ Ticket generado para ignaalcaniz@gmail.com
2025-09-22 21:52:42 [INFO]: POST /ticket/purchase - 201 (88ms)
2025-09-22 21:54:49 [INFO]: POST /users/login - 200 (135ms)
2025-09-22 21:55:07 [INFO]: Producto 67e70c668b211e1c1e76fd67 agregado al carrito [object Object]
2025-09-22 21:55:07 [INFO]: POST /carts/products/67e70c668b211e1c1e76fd67 - 200 (90ms)
2025-09-22 21:55:12 [INFO]: 🎟️ Ticket generado para ignaalcaniz@gmail.com
2025-09-22 21:55:13 [INFO]: POST /ticket/purchase - 201 (1343ms)
2025-09-22 22:16:50 [INFO]: 🆕 Usuario registrado: ignaalcaniz@gmail.com
2025-09-22 22:16:51 [INFO]: POST /users/register - 201 (971ms)
2025-09-22 22:17:02 [INFO]: POST /users/login - 200 (104ms)
2025-09-22 22:17:22 [INFO]: Producto 67e70c668b211e1c1e76fd67 agregado al carrito [object Object]
2025-09-22 22:17:22 [INFO]: POST /carts/products/67e70c668b211e1c1e76fd67 - 200 (67ms)
2025-09-22 22:17:30 [INFO]: 🎟️ Ticket generado para ignaalcaniz@gmail.com
2025-09-22 22:17:30 [INFO]: POST /ticket/purchase - 201 (56ms)
2025-09-22 22:36:23 [INFO]: 🆕 Usuario registrado: ignaalcaniz@gmail.com
2025-09-22 22:36:24 [INFO]: POST /users/register - 201 (1251ms)
2025-09-22 22:36:36 [INFO]: POST /users/login - 200 (106ms)
2025-09-22 22:36:57 [INFO]: Producto 67e70c668b211e1c1e76fd67 agregado al carrito [object Object]
2025-09-22 22:36:57 [INFO]: POST /carts/products/67e70c668b211e1c1e76fd67 - 200 (48ms)
2025-09-22 22:37:10 [INFO]: 🎟️ Ticket generado para ignaalcaniz@gmail.com
2025-09-22 22:37:10 [INFO]: POST /ticket/purchase - 201 (606ms)
2025-09-22 22:45:26 [INFO]: POST /users/login - 200 (68ms)
2025-09-22 22:45:49 [INFO]: Producto 67e70c668b211e1c1e76fd67 agregado al carrito [object Object]
2025-09-22 22:45:49 [INFO]: POST /carts/products/67e70c668b211e1c1e76fd67 - 200 (37ms)
2025-09-22 22:45:58 [ERROR]: ❌ Error al generar ticket: Cannot read properties of undefined (reading 'first_name')
2025-09-22 22:45:58 [INFO]: POST /ticket/purchase - 500 (337ms)
2025-09-22 22:51:42 [INFO]: POST /users/login - 200 (96ms)
2025-09-22 22:52:01 [INFO]: Producto 67e70c668b211e1c1e76fd67 agregado al carrito [object Object]
2025-09-22 22:52:01 [INFO]: POST /carts/products/67e70c668b211e1c1e76fd67 - 200 (51ms)
2025-09-22 22:52:31 [INFO]: 🎟️ Ticket generado para ignaalcaniz@gmail.com
2025-09-22 22:52:31 [INFO]: POST /ticket/purchase - 201 (2861ms)
2025-09-22 23:00:21 [INFO]: POST /users/login - 200 (182ms)
2025-09-22 23:00:47 [INFO]: Producto 67e70c668b211e1c1e76fd67 agregado al carrito [object Object]
2025-09-22 23:00:47 [INFO]: POST /carts/products/67e70c668b211e1c1e76fd67 - 200 (46ms)
2025-09-22 23:02:00 [INFO]: Producto 67e70c668b211e1c1e76fd67 agregado al carrito [object Object]
2025-09-22 23:02:00 [INFO]: POST /carts/products/67e70c668b211e1c1e76fd67 - 200 (17ms)
2025-09-22 23:02:18 [INFO]: Producto 67f41c714516c2d352a0d6f8 agregado al carrito [object Object]
2025-09-22 23:02:18 [INFO]: POST /carts/products/67f41c714516c2d352a0d6f8 - 200 (21ms)
2025-09-22 23:02:22 [INFO]: Producto 67f41c714516c2d352a0d6f8 agregado al carrito [object Object]
2025-09-22 23:02:22 [INFO]: POST /carts/products/67f41c714516c2d352a0d6f8 - 200 (13ms)
2025-09-22 23:02:26 [INFO]: Producto 67f41c714516c2d352a0d6f8 agregado al carrito [object Object]
2025-09-22 23:02:26 [INFO]: POST /carts/products/67f41c714516c2d352a0d6f8 - 200 (15ms)
2025-09-22 23:02:40 [INFO]: Producto 6827cb7fa6329c71492dfc3a agregado al carrito [object Object]
2025-09-22 23:02:40 [INFO]: POST /carts/products/6827cb7fa6329c71492dfc3a - 200 (17ms)
2025-09-22 23:02:41 [INFO]: Producto 6827cb7fa6329c71492dfc3a agregado al carrito [object Object]
2025-09-22 23:02:41 [INFO]: POST /carts/products/6827cb7fa6329c71492dfc3a - 200 (19ms)
2025-09-22 23:02:42 [INFO]: Producto 6827cb7fa6329c71492dfc3a agregado al carrito [object Object]
2025-09-22 23:02:42 [INFO]: POST /carts/products/6827cb7fa6329c71492dfc3a - 200 (13ms)
2025-09-22 23:02:43 [INFO]: Producto 6827cb7fa6329c71492dfc3a agregado al carrito [object Object]
2025-09-22 23:02:43 [INFO]: POST /carts/products/6827cb7fa6329c71492dfc3a - 200 (16ms)
2025-09-22 23:02:53 [INFO]: 🎟️ Ticket generado para ignaalcaniz@gmail.com
2025-09-22 23:02:53 [INFO]: POST /ticket/purchase - 201 (2435ms)
2025-09-22 23:15:00 [INFO]: POST /users/login - 200 (150ms)
2025-09-22 23:15:31 [INFO]: Producto 67e70c668b211e1c1e76fd67 agregado al carrito [object Object]
2025-09-22 23:15:31 [INFO]: POST /carts/products/67e70c668b211e1c1e76fd67 - 200 (37ms)
2025-09-22 23:15:42 [INFO]: Producto 67e70c668b211e1c1e76fd67 agregado al carrito [object Object]
2025-09-22 23:15:42 [INFO]: POST /carts/products/67e70c668b211e1c1e76fd67 - 200 (21ms)
2025-09-22 23:15:43 [INFO]: Producto 67e70c668b211e1c1e76fd67 agregado al carrito [object Object]
2025-09-22 23:15:43 [INFO]: POST /carts/products/67e70c668b211e1c1e76fd67 - 200 (18ms)
2025-09-22 23:15:46 [INFO]: Producto 67f037cf5da701c29225daf0 agregado al carrito [object Object]
2025-09-22 23:15:46 [INFO]: POST /carts/products/67f037cf5da701c29225daf0 - 200 (13ms)
2025-09-22 23:15:46 [INFO]: Producto 67f037cf5da701c29225daf0 agregado al carrito [object Object]
2025-09-22 23:15:46 [INFO]: POST /carts/products/67f037cf5da701c29225daf0 - 200 (14ms)
2025-09-22 23:15:47 [INFO]: Producto 67f037cf5da701c29225daf0 agregado al carrito [object Object]
2025-09-22 23:15:47 [INFO]: POST /carts/products/67f037cf5da701c29225daf0 - 200 (19ms)
2025-09-22 23:16:00 [INFO]: Producto 67f41c214516c2d352a0d6f4 agregado al carrito [object Object]
2025-09-22 23:16:00 [INFO]: POST /carts/products/67f41c214516c2d352a0d6f4 - 200 (15ms)
2025-09-22 23:16:00 [INFO]: Producto 67f41c214516c2d352a0d6f4 agregado al carrito [object Object]
2025-09-22 23:16:00 [INFO]: POST /carts/products/67f41c214516c2d352a0d6f4 - 200 (13ms)
2025-09-22 23:16:01 [INFO]: Producto 67f41c214516c2d352a0d6f4 agregado al carrito [object Object]
2025-09-22 23:16:01 [INFO]: POST /carts/products/67f41c214516c2d352a0d6f4 - 200 (21ms)
2025-09-22 23:16:16 [ERROR]: ❌ Error al generar ticket: Cannot read properties of undefined (reading 'first_name')
2025-09-22 23:16:16 [INFO]: POST /ticket/purchase - 500 (349ms)
2025-09-22 23:19:55 [INFO]: POST /users/login - 200 (158ms)
2025-09-22 23:20:16 [INFO]: Producto 67e70c668b211e1c1e76fd67 agregado al carrito [object Object]
2025-09-22 23:20:16 [INFO]: POST /carts/products/67e70c668b211e1c1e76fd67 - 200 (53ms)
2025-09-22 23:20:17 [INFO]: Producto 67e70c668b211e1c1e76fd67 agregado al carrito [object Object]
2025-09-22 23:20:17 [INFO]: POST /carts/products/67e70c668b211e1c1e76fd67 - 200 (25ms)
2025-09-22 23:20:18 [INFO]: Producto 67e70c668b211e1c1e76fd67 agregado al carrito [object Object]
2025-09-22 23:20:18 [INFO]: POST /carts/products/67e70c668b211e1c1e76fd67 - 200 (23ms)
2025-09-22 23:20:18 [INFO]: Producto 67e70c668b211e1c1e76fd67 agregado al carrito [object Object]
2025-09-22 23:20:18 [INFO]: POST /carts/products/67e70c668b211e1c1e76fd67 - 200 (16ms)
2025-09-22 23:20:34 [INFO]: Producto 67f41c214516c2d352a0d6f4 agregado al carrito [object Object]
2025-09-22 23:20:34 [INFO]: POST /carts/products/67f41c214516c2d352a0d6f4 - 200 (19ms)
2025-09-22 23:20:34 [INFO]: Producto 67f41c214516c2d352a0d6f4 agregado al carrito [object Object]
2025-09-22 23:20:34 [INFO]: POST /carts/products/67f41c214516c2d352a0d6f4 - 200 (18ms)
2025-09-22 23:20:34 [INFO]: Producto 67f41c214516c2d352a0d6f4 agregado al carrito [object Object]
2025-09-22 23:20:34 [INFO]: POST /carts/products/67f41c214516c2d352a0d6f4 - 200 (17ms)
2025-09-22 23:20:35 [INFO]: Producto 67f41c214516c2d352a0d6f4 agregado al carrito [object Object]
2025-09-22 23:20:35 [INFO]: POST /carts/products/67f41c214516c2d352a0d6f4 - 200 (16ms)
2025-09-22 23:20:44 [INFO]: 🎟️ Ticket generado para ignaalcaniz@gmail.com
2025-09-22 23:20:44 [INFO]: POST /ticket/purchase - 201 (2520ms)
2025-09-22 23:34:16 [INFO]: POST /users/login - 200 (98ms)
2025-09-22 23:34:36 [INFO]: Producto 67e70c668b211e1c1e76fd67 agregado al carrito [object Object]
2025-09-22 23:34:36 [INFO]: POST /carts/products/67e70c668b211e1c1e76fd67 - 200 (44ms)
2025-09-22 23:34:38 [INFO]: Producto 67e70c668b211e1c1e76fd67 agregado al carrito [object Object]
2025-09-22 23:34:38 [INFO]: POST /carts/products/67e70c668b211e1c1e76fd67 - 200 (25ms)
2025-09-22 23:34:38 [INFO]: Producto 67e70c668b211e1c1e76fd67 agregado al carrito [object Object]
2025-09-22 23:34:38 [INFO]: POST /carts/products/67e70c668b211e1c1e76fd67 - 200 (22ms)
2025-09-22 23:34:39 [INFO]: Producto 67e70c668b211e1c1e76fd67 agregado al carrito [object Object]
2025-09-22 23:34:39 [INFO]: POST /carts/products/67e70c668b211e1c1e76fd67 - 200 (17ms)
2025-09-22 23:34:40 [INFO]: Producto 67e70c668b211e1c1e76fd67 agregado al carrito [object Object]
2025-09-22 23:34:40 [INFO]: POST /carts/products/67e70c668b211e1c1e76fd67 - 200 (21ms)
2025-09-22 23:34:52 [INFO]: Producto 67f037cf5da701c29225daf0 agregado al carrito [object Object]
2025-09-22 23:34:52 [INFO]: POST /carts/products/67f037cf5da701c29225daf0 - 200 (19ms)
2025-09-22 23:34:52 [INFO]: Producto 67f037cf5da701c29225daf0 agregado al carrito [object Object]
2025-09-22 23:34:52 [INFO]: POST /carts/products/67f037cf5da701c29225daf0 - 200 (18ms)
2025-09-22 23:34:52 [INFO]: Producto 67f037cf5da701c29225daf0 agregado al carrito [object Object]
2025-09-22 23:34:52 [INFO]: POST /carts/products/67f037cf5da701c29225daf0 - 200 (13ms)
2025-09-22 23:34:53 [INFO]: Producto 67f037cf5da701c29225daf0 agregado al carrito [object Object]
2025-09-22 23:34:53 [INFO]: POST /carts/products/67f037cf5da701c29225daf0 - 200 (19ms)
2025-09-22 23:34:53 [INFO]: Producto 67f037cf5da701c29225daf0 agregado al carrito [object Object]
2025-09-22 23:34:53 [INFO]: POST /carts/products/67f037cf5da701c29225daf0 - 200 (14ms)
2025-09-22 23:34:53 [INFO]: Producto 67f037cf5da701c29225daf0 agregado al carrito [object Object]
2025-09-22 23:34:53 [INFO]: POST /carts/products/67f037cf5da701c29225daf0 - 200 (17ms)
2025-09-22 23:35:01 [INFO]: 🎟️ Ticket generado para ignaalcaniz@gmail.com
2025-09-22 23:35:01 [INFO]: POST /ticket/purchase - 201 (1902ms)
2025-09-22 23:40:47 [INFO]: POST /users/login - 200 (143ms)
2025-09-22 23:41:08 [INFO]: Producto 67e70c668b211e1c1e76fd67 agregado al carrito [object Object]
2025-09-22 23:41:08 [INFO]: POST /carts/products/67e70c668b211e1c1e76fd67 - 200 (69ms)
2025-09-22 23:41:09 [INFO]: Producto 67e70c668b211e1c1e76fd67 agregado al carrito [object Object]
2025-09-22 23:41:09 [INFO]: POST /carts/products/67e70c668b211e1c1e76fd67 - 200 (28ms)
2025-09-22 23:41:10 [INFO]: Producto 67e70c668b211e1c1e76fd67 agregado al carrito [object Object]
2025-09-22 23:41:10 [INFO]: POST /carts/products/67e70c668b211e1c1e76fd67 - 200 (18ms)
2025-09-22 23:41:10 [INFO]: Producto 67e70c668b211e1c1e76fd67 agregado al carrito [object Object]
2025-09-22 23:41:10 [INFO]: POST /carts/products/67e70c668b211e1c1e76fd67 - 200 (17ms)
2025-09-22 23:41:11 [INFO]: Producto 67e70c668b211e1c1e76fd67 agregado al carrito [object Object]
2025-09-22 23:41:11 [INFO]: POST /carts/products/67e70c668b211e1c1e76fd67 - 200 (20ms)
2025-09-22 23:41:20 [INFO]: Producto 67f037cf5da701c29225daf0 agregado al carrito [object Object]
2025-09-22 23:41:20 [INFO]: POST /carts/products/67f037cf5da701c29225daf0 - 200 (26ms)
2025-09-22 23:41:21 [INFO]: Producto 67f037cf5da701c29225daf0 agregado al carrito [object Object]
2025-09-22 23:41:21 [INFO]: POST /carts/products/67f037cf5da701c29225daf0 - 200 (24ms)
2025-09-22 23:41:21 [INFO]: Producto 67f037cf5da701c29225daf0 agregado al carrito [object Object]
2025-09-22 23:41:21 [INFO]: POST /carts/products/67f037cf5da701c29225daf0 - 200 (37ms)
2025-09-22 23:41:21 [INFO]: Producto 67f037cf5da701c29225daf0 agregado al carrito [object Object]
2025-09-22 23:41:21 [INFO]: POST /carts/products/67f037cf5da701c29225daf0 - 200 (22ms)
2025-09-22 23:41:32 [INFO]: Producto 67f41c214516c2d352a0d6f4 agregado al carrito [object Object]
2025-09-22 23:41:32 [INFO]: POST /carts/products/67f41c214516c2d352a0d6f4 - 200 (42ms)
2025-09-22 23:41:33 [INFO]: Producto 67f41c214516c2d352a0d6f4 agregado al carrito [object Object]
2025-09-22 23:41:33 [INFO]: POST /carts/products/67f41c214516c2d352a0d6f4 - 200 (23ms)
2025-09-22 23:41:33 [INFO]: Producto 67f41c214516c2d352a0d6f4 agregado al carrito [object Object]
2025-09-22 23:41:33 [INFO]: POST /carts/products/67f41c214516c2d352a0d6f4 - 200 (42ms)
2025-09-22 23:41:48 [INFO]: Producto 67f41c714516c2d352a0d6f8 agregado al carrito [object Object]
2025-09-22 23:41:48 [INFO]: POST /carts/products/67f41c714516c2d352a0d6f8 - 200 (22ms)
2025-09-22 23:41:48 [INFO]: Producto 67f41c714516c2d352a0d6f8 agregado al carrito [object Object]
2025-09-22 23:41:48 [INFO]: POST /carts/products/67f41c714516c2d352a0d6f8 - 200 (24ms)
2025-09-22 23:41:56 [INFO]: 🎟️ Ticket generado para ignaalcaniz@gmail.com
2025-09-22 23:41:56 [INFO]: POST /ticket/purchase - 201 (2498ms)
2025-09-22 23:55:17 [INFO]: POST /users/login - 200 (161ms)
2025-09-22 23:55:41 [INFO]: Producto 67e70c668b211e1c1e76fd67 agregado al carrito [object Object]
2025-09-22 23:55:41 [INFO]: POST /carts/products/67e70c668b211e1c1e76fd67 - 200 (45ms)
2025-09-22 23:55:42 [INFO]: Producto 67e70c668b211e1c1e76fd67 agregado al carrito [object Object]
2025-09-22 23:55:42 [INFO]: POST /carts/products/67e70c668b211e1c1e76fd67 - 200 (35ms)
2025-09-22 23:55:42 [INFO]: Producto 67e70c668b211e1c1e76fd67 agregado al carrito [object Object]
2025-09-22 23:55:42 [INFO]: POST /carts/products/67e70c668b211e1c1e76fd67 - 200 (15ms)
2025-09-22 23:55:43 [INFO]: Producto 67e70c668b211e1c1e76fd67 agregado al carrito [object Object]
2025-09-22 23:55:43 [INFO]: POST /carts/products/67e70c668b211e1c1e76fd67 - 200 (18ms)
2025-09-22 23:55:43 [INFO]: Producto 67e70c668b211e1c1e76fd67 agregado al carrito [object Object]
2025-09-22 23:55:43 [INFO]: POST /carts/products/67e70c668b211e1c1e76fd67 - 200 (22ms)
2025-09-22 23:55:43 [INFO]: Producto 67e70c668b211e1c1e76fd67 agregado al carrito [object Object]
2025-09-22 23:55:43 [INFO]: POST /carts/products/67e70c668b211e1c1e76fd67 - 200 (19ms)
2025-09-22 23:55:51 [INFO]: Producto 67f037cf5da701c29225daf0 agregado al carrito [object Object]
2025-09-22 23:55:51 [INFO]: POST /carts/products/67f037cf5da701c29225daf0 - 200 (21ms)
2025-09-22 23:55:51 [INFO]: Producto 67f037cf5da701c29225daf0 agregado al carrito [object Object]
2025-09-22 23:55:51 [INFO]: POST /carts/products/67f037cf5da701c29225daf0 - 200 (22ms)
2025-09-22 23:55:51 [INFO]: Producto 67f037cf5da701c29225daf0 agregado al carrito [object Object]
2025-09-22 23:55:51 [INFO]: POST /carts/products/67f037cf5da701c29225daf0 - 200 (17ms)
2025-09-22 23:55:51 [INFO]: Producto 67f037cf5da701c29225daf0 agregado al carrito [object Object]
2025-09-22 23:55:51 [INFO]: POST /carts/products/67f037cf5da701c29225daf0 - 200 (21ms)
2025-09-22 23:55:52 [INFO]: Producto 67f037cf5da701c29225daf0 agregado al carrito [object Object]
2025-09-22 23:55:52 [INFO]: POST /carts/products/67f037cf5da701c29225daf0 - 200 (25ms)
2025-09-22 23:55:52 [INFO]: Producto 67f037cf5da701c29225daf0 agregado al carrito [object Object]
2025-09-22 23:55:52 [INFO]: POST /carts/products/67f037cf5da701c29225daf0 - 200 (22ms)
2025-09-22 23:55:52 [INFO]: Producto 67f037cf5da701c29225daf0 agregado al carrito [object Object]
2025-09-22 23:55:52 [INFO]: POST /carts/products/67f037cf5da701c29225daf0 - 200 (22ms)
2025-09-22 23:56:00 [INFO]: Producto 67f41c214516c2d352a0d6f4 agregado al carrito [object Object]
2025-09-22 23:56:00 [INFO]: POST /carts/products/67f41c214516c2d352a0d6f4 - 200 (15ms)
2025-09-22 23:56:00 [INFO]: Producto 67f41c214516c2d352a0d6f4 agregado al carrito [object Object]
2025-09-22 23:56:00 [INFO]: POST /carts/products/67f41c214516c2d352a0d6f4 - 200 (15ms)
2025-09-22 23:56:00 [INFO]: Producto 67f41c214516c2d352a0d6f4 agregado al carrito [object Object]
2025-09-22 23:56:00 [INFO]: POST /carts/products/67f41c214516c2d352a0d6f4 - 200 (28ms)
2025-09-22 23:56:00 [INFO]: Producto 67f41c214516c2d352a0d6f4 agregado al carrito [object Object]
2025-09-22 23:56:00 [INFO]: POST /carts/products/67f41c214516c2d352a0d6f4 - 200 (18ms)
2025-09-22 23:57:19 [INFO]: 🎟️ Ticket generado para ignaalcaniz@gmail.com
2025-09-22 23:57:19 [INFO]: POST /ticket/purchase - 201 (2584ms)
2025-09-23 19:07:02 [ERROR]: ❌ Error al registrar usuario: El usuario ya existe
2025-09-23 19:07:02 [ERROR]: Error en POST /users/register: El usuario ya existe
2025-09-23 19:07:02 [INFO]: POST /users/register - 500 (126ms)
2025-09-23 19:07:02 [INFO]: POST /users/login - 200 (80ms)
2025-09-23 19:07:02 [INFO]: GET /users/profile - 401 (4ms)
2025-09-23 19:07:02 [INFO]: POST /users/login - 200 (65ms)
2025-09-23 19:07:02 [INFO]: POST /users/refresh - 200 (5ms)
2025-09-23 19:07:02 [INFO]: POST /users/logout - 200 (4ms)
2025-09-23 19:07:03 [INFO]: 🆕 Usuario registrado: ticketer@example.com
2025-09-23 19:07:04 [INFO]: POST /users/register - 201 (948ms)
2025-09-23 19:07:04 [INFO]: POST /users/login - 200 (62ms)
2025-09-23 19:07:04 [INFO]: POST /products - 401 (2ms)
2025-09-23 19:07:04 [INFO]: GET /users/profile - 401 (2ms)
2025-09-23 19:07:04 [INFO]: POST /carts/undefined/products/undefined - 404 (5ms)
2025-09-23 19:07:04 [INFO]: POST /ticket/purchase - 401 (2ms)
2025-09-23 19:07:05 [INFO]: POST /products - 401 (8ms)
2025-09-23 19:07:05 [INFO]: GET /products - 401 (1ms)
2025-09-23 19:07:05 [INFO]: GET /products/undefined - 401 (2ms)
2025-09-23 19:07:05 [INFO]: PUT /products/undefined - 401 (3ms)
2025-09-23 19:07:05 [INFO]: DELETE /products/undefined - 401 (2ms)
2025-09-23 19:07:06 [INFO]: POST /products - 401 (5ms)
2025-09-23 19:07:06 [INFO]: POST /carts - 401 (2ms)
2025-09-23 19:07:06 [INFO]: GET /carts - 401 (2ms)
2025-09-23 19:07:06 [INFO]: GET /carts/undefined - 401 (2ms)
2025-09-23 19:07:06 [INFO]: POST /carts/undefined/products/undefined - 404 (3ms)
2025-09-23 19:07:06 [INFO]: PUT /carts/undefined/products/undefined - 401 (1ms)
2025-09-23 19:07:06 [INFO]: DELETE /carts/undefined/products/undefined - 401 (2ms)
2025-09-23 19:07:06 [INFO]: DELETE /carts/undefined - 401 (2ms)
2025-09-23 19:07:07 [INFO]: GET / - 404 (6ms)
2025-09-23 19:08:23 [ERROR]: ❌ Error al registrar usuario: El usuario ya existe
2025-09-23 19:08:23 [ERROR]: Error en POST /users/register: El usuario ya existe
2025-09-23 19:08:23 [INFO]: POST /users/register - 500 (97ms)
2025-09-23 19:08:23 [INFO]: POST /users/login - 200 (71ms)
2025-09-23 19:08:23 [INFO]: GET /users/profile - 401 (4ms)
2025-09-23 19:08:24 [INFO]: POST /users/login - 200 (77ms)
2025-09-23 19:08:24 [INFO]: POST /users/refresh - 200 (10ms)
2025-09-23 19:08:24 [INFO]: POST /users/logout - 200 (2ms)
2025-09-23 19:08:25 [ERROR]: ❌ Error al registrar usuario: El usuario ya existe
2025-09-23 19:08:25 [ERROR]: Error en POST /users/register: El usuario ya existe
2025-09-23 19:08:25 [INFO]: POST /users/register - 500 (85ms)
2025-09-23 19:08:25 [INFO]: POST /users/login - 200 (86ms)
2025-09-23 19:08:25 [INFO]: POST /products - 401 (3ms)
2025-09-23 19:08:25 [INFO]: GET /users/profile - 401 (9ms)
2025-09-23 19:08:25 [INFO]: POST /carts/undefined/products/undefined - 404 (7ms)
2025-09-23 19:08:25 [INFO]: POST /ticket/purchase - 401 (2ms)
2025-09-23 19:08:26 [INFO]: POST /products - 401 (4ms)
2025-09-23 19:08:26 [INFO]: POST /carts - 401 (3ms)
2025-09-23 19:08:26 [INFO]: GET /carts - 401 (2ms)
2025-09-23 19:08:26 [INFO]: GET /carts/undefined - 401 (3ms)
2025-09-23 19:08:26 [INFO]: POST /carts/undefined/products/undefined - 404 (3ms)
2025-09-23 19:08:26 [INFO]: PUT /carts/undefined/products/undefined - 401 (1ms)
2025-09-23 19:08:26 [INFO]: DELETE /carts/undefined/products/undefined - 401 (2ms)
2025-09-23 19:08:26 [INFO]: DELETE /carts/undefined - 401 (2ms)
2025-09-23 19:08:27 [INFO]: POST /products - 401 (5ms)
2025-09-23 19:08:27 [INFO]: GET /products - 401 (3ms)
2025-09-23 19:08:27 [INFO]: GET /products/undefined - 401 (4ms)
2025-09-23 19:08:27 [INFO]: PUT /products/undefined - 401 (2ms)
2025-09-23 19:08:27 [INFO]: DELETE /products/undefined - 401 (2ms)
2025-09-23 19:08:28 [INFO]: GET / - 404 (5ms)
2025-09-23 19:22:26 [INFO]: POST /products - 401 (18ms)
2025-09-23 19:22:26 [INFO]: POST /carts - 401 (2ms)
2025-09-23 19:22:26 [INFO]: GET /carts - 401 (2ms)
2025-09-23 19:22:26 [INFO]: GET /carts/undefined - 401 (2ms)
2025-09-23 19:22:26 [INFO]: POST /carts/undefined/products/undefined - 404 (4ms)
2025-09-23 19:22:26 [INFO]: PUT /carts/undefined/products/undefined - 401 (2ms)
2025-09-23 19:22:26 [INFO]: DELETE /carts/undefined/products/undefined - 401 (3ms)
2025-09-23 19:22:26 [INFO]: DELETE /carts/undefined - 401 (3ms)
2025-09-23 19:22:27 [INFO]: POST /products - 401 (7ms)
2025-09-23 19:22:27 [INFO]: GET /products - 401 (4ms)
2025-09-23 19:22:27 [INFO]: GET /products/undefined - 401 (3ms)
2025-09-23 19:22:27 [INFO]: PUT /products/undefined - 401 (2ms)
2025-09-23 19:22:27 [INFO]: DELETE /products/undefined - 401 (1ms)
2025-09-23 19:22:28 [INFO]: GET / - 404 (5ms)
2025-09-23 19:24:28 [INFO]: POST /products - 401 (10ms)
2025-09-23 19:24:28 [INFO]: POST /carts - 401 (2ms)
2025-09-23 19:24:28 [INFO]: GET /carts - 401 (4ms)
2025-09-23 19:24:28 [INFO]: GET /carts/undefined - 401 (5ms)
2025-09-23 19:24:28 [INFO]: POST /carts/undefined/products/undefined - 404 (6ms)
2025-09-23 19:24:28 [INFO]: PUT /carts/undefined/products/undefined - 401 (2ms)
2025-09-23 19:24:28 [INFO]: DELETE /carts/undefined/products/undefined - 401 (2ms)
2025-09-23 19:24:28 [INFO]: DELETE /carts/undefined - 401 (2ms)
2025-09-23 19:24:29 [INFO]: POST /products - 401 (4ms)
2025-09-23 19:24:29 [INFO]: GET /products - 401 (1ms)
2025-09-23 19:24:29 [INFO]: GET /products/undefined - 401 (2ms)
2025-09-23 19:24:29 [INFO]: PUT /products/undefined - 401 (1ms)
2025-09-23 19:24:29 [INFO]: DELETE /products/undefined - 401 (2ms)
2025-09-23 19:24:30 [INFO]: GET / - 404 (6ms)
2025-09-23 19:24:41 [ERROR]: ❌ Error al registrar usuario: MongooseError: Operation `users.findOne()` buffering timed out after 10000ms
2025-09-23 19:24:41 [ERROR]: Error en POST /users/register: MongooseError: Operation `users.findOne()` buffering timed out after 10000ms
2025-09-23 19:24:41 [INFO]: POST /users/register - 500 (10040ms)
2025-09-23 19:24:46 [ERROR]: ❌ Error al registrar usuario: MongooseError: Operation `users.findOne()` buffering timed out after 10000ms
2025-09-23 19:24:46 [ERROR]: Error en POST /users/register: MongooseError: Operation `users.findOne()` buffering timed out after 10000ms
2025-09-23 19:24:46 [INFO]: POST /users/register - 500 (10029ms)
2025-09-23 19:24:56 [ERROR]: Error en POST /users/login: MongooseError: Operation `users.findOne()` buffering timed out after 10000ms
2025-09-23 19:24:56 [INFO]: POST /users/login - 500 (10012ms)
2025-09-23 19:24:56 [INFO]: POST /products - 401 (2ms)
2025-09-23 19:24:56 [INFO]: GET /users/profile - 401 (1ms)
2025-09-23 19:54:40 [ERROR]: Error en POST /users/login: MongooseError: Operation `users.findOne()` buffering timed out after 10000ms
2025-09-23 19:54:40 [INFO]: POST /users/login - 500 (10783ms)
2025-09-23 19:54:40 [INFO]: POST /products - 401 (4ms)
2025-09-23 19:54:40 [INFO]: GET /users/profile - 401 (2ms)
2025-09-23 19:54:40 [INFO]: POST /carts/undefined/products/undefined - 404 (3ms)
2025-09-23 19:54:52 [ERROR]: ❌ Error al registrar usuario: MongooseError: Operation `users.findOne()` buffering timed out after 10000ms
2025-09-23 19:54:52 [ERROR]: Error en POST /users/register: MongooseError: Operation `users.findOne()` buffering timed out after 10000ms
2025-09-23 19:54:52 [INFO]: POST /users/register - 500 (12174ms)
2025-09-23 19:55:04 [ERROR]: Error en POST /users/login: MongooseError: Operation `users.findOne()` buffering timed out after 10000ms
2025-09-23 19:55:04 [INFO]: POST /users/login - 500 (12231ms)
2025-09-23 19:55:05 [INFO]: POST /products - 401 (8ms)
2025-09-23 19:55:05 [INFO]: POST /carts - 401 (6ms)
2025-09-23 19:55:17 [ERROR]: Error en POST /users/login: MongooseError: Operation `users.findOne()` buffering timed out after 10000ms
2025-09-23 19:55:17 [INFO]: POST /users/login - 500 (12294ms)
2025-09-23 19:55:17 [INFO]: GET / - 404 (13ms)
2025-09-23 20:08:07 [INFO]: GET / - 200 (11ms)
2025-09-23 20:10:58 [INFO]: GET / - 200 (9ms)
2025-09-23 20:11:09 [ERROR]: ❌ Error al registrar usuario: MongooseError: Operation `users.findOne()` buffering timed out after 10000ms
2025-09-23 20:11:09 [ERROR]: Error en POST /users/register: MongooseError: Operation `users.findOne()` buffering timed out after 10000ms
2025-09-23 20:11:09 [INFO]: POST /users/register - 500 (10107ms)
2025-09-23 20:11:19 [ERROR]: Error en POST /users/login: MongooseError: Operation `users.findOne()` buffering timed out after 10000ms
2025-09-23 20:11:19 [INFO]: POST /users/login - 500 (10033ms)
2025-09-23 20:11:19 [INFO]: GET /users/profile - 401 (3ms)
2025-09-23 20:11:29 [ERROR]: Error en POST /users/login: MongooseError: Operation `users.findOne()` buffering timed out after 10000ms
2025-09-23 20:11:29 [INFO]: POST /users/login - 500 (10044ms)
2025-09-23 20:11:29 [INFO]: POST /users/logout - 200 (14ms)
2025-09-23 20:11:41 [ERROR]: ❌ Error al registrar usuario: MongooseError: Operation `users.findOne()` buffering timed out after 10000ms
2025-09-23 20:11:41 [ERROR]: Error en POST /users/register: MongooseError: Operation `users.findOne()` buffering timed out after 10000ms
2025-09-23 20:11:41 [INFO]: POST /users/register - 500 (10049ms)
2025-09-23 20:11:51 [ERROR]: Error en POST /users/login: MongooseError: Operation `users.findOne()` buffering timed out after 10000ms
2025-09-23 20:11:52 [INFO]: POST /users/login - 500 (10038ms)
2025-09-23 20:11:52 [INFO]: POST /products - 401 (12ms)
2025-09-23 20:11:52 [INFO]: GET /users/profile - 401 (5ms)
2025-09-23 20:11:52 [INFO]: POST /carts/undefined/products/undefined - 404 (3ms)
2025-09-23 20:11:52 [INFO]: POST /ticket/purchase - 401 (7ms)
2025-09-23 20:12:04 [ERROR]: Error en POST /users/login: MongooseError: Operation `users.findOne()` buffering timed out after 10000ms
2025-09-23 20:12:04 [INFO]: POST /users/login - 500 (10067ms)
2025-09-23 20:12:04 [INFO]: POST /products - 401 (9ms)
2025-09-23 20:12:04 [INFO]: GET /products - 401 (8ms)
2025-09-23 20:12:04 [INFO]: GET /products/undefined - 401 (9ms)
2025-09-23 20:12:04 [INFO]: PUT /products/undefined - 401 (5ms)
2025-09-23 20:12:04 [INFO]: DELETE /products/undefined - 401 (10ms)
2025-09-23 20:12:16 [ERROR]: Error en POST /users/login: MongooseError: Operation `users.findOne()` buffering timed out after 10000ms
2025-09-23 20:12:16 [INFO]: POST /users/login - 500 (10081ms)
2025-09-23 20:12:16 [INFO]: POST /products - 401 (7ms)
2025-09-23 20:12:16 [INFO]: POST /carts - 401 (3ms)
2025-09-23 20:12:16 [INFO]: GET /carts - 401 (3ms)
2025-09-23 20:12:16 [INFO]: GET /carts/undefined - 401 (4ms)
2025-09-23 20:12:16 [INFO]: POST /carts/undefined/products/undefined - 404 (5ms)
2025-09-23 20:12:16 [INFO]: PUT /carts/undefined/products/undefined - 401 (3ms)
2025-09-23 20:12:16 [INFO]: DELETE /carts/undefined/products/undefined - 401 (4ms)
2025-09-23 20:12:17 [INFO]: DELETE /carts/undefined - 401 (6ms)
2025-09-23 20:52:19 [INFO]: 🆕 Usuario registrado: testuser@example.com
2025-09-23 20:52:19 [INFO]: POST /users/register - 201 (1375ms)
2025-09-23 20:52:19 [INFO]: POST /users/login - 200 (110ms)
2025-09-23 20:52:19 [INFO]: GET /users/profile - 401 (9ms)
2025-09-23 20:52:19 [INFO]: POST /users/login - 200 (105ms)
2025-09-23 20:52:19 [INFO]: POST /users/refresh - 200 (6ms)
2025-09-23 20:52:19 [INFO]: POST /users/logout - 200 (5ms)
2025-09-23 20:52:22 [INFO]: 🆕 Usuario registrado: ticketer@example.com
2025-09-23 20:52:22 [INFO]: POST /users/register - 201 (1172ms)
2025-09-23 20:52:22 [INFO]: POST /users/login - 200 (151ms)
2025-09-23 20:52:22 [INFO]: POST /products - 401 (11ms)
2025-09-23 20:52:22 [INFO]: GET /users/profile - 401 (7ms)
2025-09-23 20:52:22 [INFO]: POST /carts/undefined/products/undefined - 404 (8ms)
2025-09-23 20:52:22 [INFO]: POST /ticket/purchase - 401 (8ms)
2025-09-23 20:52:24 [ERROR]: Error en POST /users/login: Credenciales incorrectas
2025-09-23 20:52:24 [INFO]: POST /users/login - 500 (101ms)
2025-09-23 20:52:24 [INFO]: POST /products - 401 (4ms)
2025-09-23 20:52:24 [INFO]: GET /products - 401 (3ms)
2025-09-23 20:52:24 [INFO]: GET /products/undefined - 401 (6ms)
2025-09-23 20:52:24 [INFO]: PUT /products/undefined - 401 (3ms)
2025-09-23 20:52:24 [INFO]: DELETE /products/undefined - 401 (5ms)
2025-09-23 20:52:26 [ERROR]: Error en POST /users/login: Credenciales incorrectas
2025-09-23 20:52:26 [INFO]: POST /users/login - 500 (52ms)
2025-09-23 20:52:26 [INFO]: POST /products - 401 (4ms)
2025-09-23 20:52:26 [INFO]: POST /carts - 401 (4ms)
2025-09-23 20:52:26 [INFO]: GET /carts - 401 (6ms)
2025-09-23 20:52:26 [INFO]: GET /carts/undefined - 401 (6ms)
2025-09-23 20:52:26 [INFO]: POST /carts/undefined/products/undefined - 404 (8ms)
2025-09-23 20:52:26 [INFO]: PUT /carts/undefined/products/undefined - 401 (5ms)
2025-09-23 20:52:26 [INFO]: DELETE /carts/undefined/products/undefined - 401 (7ms)
2025-09-23 20:52:26 [INFO]: DELETE /carts/undefined - 401 (6ms)
2025-09-23 20:52:28 [INFO]: GET / - 200 (8ms)
2025-09-23 20:55:44 [INFO]: 🆕 Usuario registrado: Facualca2001@gmail.com
2025-09-23 20:55:44 [INFO]: POST /users/register - 201 (1033ms)
2025-09-23 20:55:44 [INFO]: POST /users/login - 200 (88ms)
2025-09-23 20:55:44 [INFO]: GET /users/profile - 401 (6ms)
2025-09-23 20:55:44 [INFO]: POST /users/login - 200 (85ms)
2025-09-23 20:55:44 [INFO]: POST /users/refresh - 200 (5ms)
2025-09-23 20:55:44 [INFO]: POST /users/logout - 200 (3ms)
2025-09-23 20:55:46 [INFO]: 🆕 Usuario registrado: ticketer@example.com
2025-09-23 20:55:46 [INFO]: POST /users/register - 201 (901ms)
2025-09-23 20:55:47 [INFO]: POST /users/login - 200 (81ms)
2025-09-23 20:55:47 [INFO]: POST /products - 401 (3ms)
2025-09-23 20:55:47 [INFO]: GET /users/profile - 401 (7ms)
2025-09-23 20:55:47 [INFO]: POST /carts/undefined/products/undefined - 404 (4ms)
2025-09-23 20:55:47 [INFO]: POST /ticket/purchase - 401 (3ms)
2025-09-23 20:55:48 [ERROR]: Error en POST /users/login: Credenciales incorrectas
2025-09-23 20:55:48 [INFO]: POST /users/login - 500 (49ms)
2025-09-23 20:55:48 [INFO]: POST /products - 401 (2ms)
2025-09-23 20:55:48 [INFO]: GET /products - 401 (3ms)
2025-09-23 20:55:48 [INFO]: GET /products/undefined - 401 (3ms)
2025-09-23 20:55:48 [INFO]: PUT /products/undefined - 401 (3ms)
2025-09-23 20:55:48 [INFO]: DELETE /products/undefined - 401 (4ms)
2025-09-23 20:55:49 [ERROR]: Error en POST /users/login: Credenciales incorrectas
2025-09-23 20:55:49 [INFO]: POST /users/login - 500 (33ms)
2025-09-23 20:55:49 [INFO]: POST /products - 401 (2ms)
2025-09-23 20:55:49 [INFO]: POST /carts - 401 (2ms)
2025-09-23 20:55:49 [INFO]: GET /carts - 401 (3ms)
2025-09-23 20:55:49 [INFO]: GET /carts/undefined - 401 (3ms)
2025-09-23 20:55:49 [INFO]: POST /carts/undefined/products/undefined - 404 (2ms)
2025-09-23 20:55:49 [INFO]: PUT /carts/undefined/products/undefined - 401 (3ms)
2025-09-23 20:55:49 [INFO]: DELETE /carts/undefined/products/undefined - 401 (4ms)
2025-09-23 20:55:50 [INFO]: DELETE /carts/undefined - 401 (5ms)
2025-09-23 20:55:51 [INFO]: GET / - 200 (5ms)
2025-09-23 21:04:19 [INFO]: 🆕 Usuario registrado: ignaalcaniz@gmail.com
2025-09-23 21:04:20 [INFO]: POST /users/register - 201 (966ms)
2025-09-23 21:04:57 [INFO]: POST /users/login - 200 (104ms)
2025-09-23 21:05:46 [INFO]: Producto 67e70c668b211e1c1e76fd67 agregado al carrito [object Object]
2025-09-23 21:05:46 [INFO]: POST /carts/products/67e70c668b211e1c1e76fd67 - 200 (45ms)
2025-09-23 21:05:46 [INFO]: Producto 67e70c668b211e1c1e76fd67 agregado al carrito [object Object]
2025-09-23 21:05:46 [INFO]: POST /carts/products/67e70c668b211e1c1e76fd67 - 200 (23ms)
2025-09-23 21:05:46 [INFO]: Producto 67e70c668b211e1c1e76fd67 agregado al carrito [object Object]
2025-09-23 21:05:46 [INFO]: POST /carts/products/67e70c668b211e1c1e76fd67 - 200 (20ms)
2025-09-23 21:05:47 [INFO]: Producto 67e70c668b211e1c1e76fd67 agregado al carrito [object Object]
2025-09-23 21:05:47 [INFO]: POST /carts/products/67e70c668b211e1c1e76fd67 - 200 (13ms)
2025-09-23 21:05:47 [INFO]: Producto 67e70c668b211e1c1e76fd67 agregado al carrito [object Object]
2025-09-23 21:05:47 [INFO]: POST /carts/products/67e70c668b211e1c1e76fd67 - 200 (14ms)
2025-09-23 21:05:56 [INFO]: Producto 67f037cf5da701c29225daf0 agregado al carrito [object Object]
2025-09-23 21:05:56 [INFO]: POST /carts/products/67f037cf5da701c29225daf0 - 200 (17ms)
2025-09-23 21:05:56 [INFO]: Producto 67f037cf5da701c29225daf0 agregado al carrito [object Object]
2025-09-23 21:05:56 [INFO]: POST /carts/products/67f037cf5da701c29225daf0 - 200 (24ms)
2025-09-23 21:05:56 [INFO]: Producto 67f037cf5da701c29225daf0 agregado al carrito [object Object]
2025-09-23 21:05:56 [INFO]: POST /carts/products/67f037cf5da701c29225daf0 - 200 (18ms)
2025-09-23 21:05:56 [INFO]: Producto 67f037cf5da701c29225daf0 agregado al carrito [object Object]
2025-09-23 21:05:56 [INFO]: POST /carts/products/67f037cf5da701c29225daf0 - 200 (12ms)
2025-09-23 21:05:56 [INFO]: Producto 67f037cf5da701c29225daf0 agregado al carrito [object Object]
2025-09-23 21:05:56 [INFO]: POST /carts/products/67f037cf5da701c29225daf0 - 200 (23ms)
2025-09-23 21:06:04 [INFO]: 🎟️ Ticket generado para ignaalcaniz@gmail.com
2025-09-23 21:06:04 [INFO]: POST /ticket/purchase - 201 (1259ms)
2025-09-23 21:07:00 [INFO]: 🆕 Usuario registrado: Facualca2001@gmail.com
2025-09-23 21:07:00 [INFO]: POST /users/register - 201 (1101ms)
2025-09-23 21:07:00 [INFO]: POST /users/login - 200 (89ms)
2025-09-23 21:07:00 [INFO]: GET /users/profile - 401 (6ms)
2025-09-23 21:07:01 [INFO]: POST /users/login - 200 (90ms)
2025-09-23 21:07:01 [INFO]: POST /users/refresh - 200 (6ms)
2025-09-23 21:07:01 [INFO]: POST /users/logout - 200 (2ms)
2025-09-23 21:07:03 [INFO]: 🆕 Usuario registrado: ticketer@example.com
2025-09-23 21:07:03 [INFO]: POST /users/register - 201 (847ms)
2025-09-23 21:07:03 [INFO]: POST /users/login - 200 (88ms)
2025-09-23 21:07:03 [INFO]: POST /products - 401 (3ms)
2025-09-23 21:07:03 [INFO]: GET /users/profile - 401 (2ms)
2025-09-23 21:07:03 [INFO]: POST /carts/undefined/products/undefined - 404 (4ms)
2025-09-23 21:07:03 [INFO]: POST /ticket/purchase - 401 (3ms)
2025-09-23 21:07:04 [ERROR]: Error en POST /users/login: Credenciales incorrectas
2025-09-23 21:07:04 [INFO]: POST /users/login - 500 (34ms)
2025-09-23 21:07:04 [INFO]: POST /products - 401 (2ms)
2025-09-23 21:07:04 [INFO]: POST /carts - 401 (2ms)
2025-09-23 21:07:04 [INFO]: GET /carts - 401 (2ms)
2025-09-23 21:07:04 [INFO]: GET /carts/undefined - 401 (2ms)
2025-09-23 21:07:04 [INFO]: POST /carts/undefined/products/undefined - 404 (3ms)
2025-09-23 21:07:04 [INFO]: PUT /carts/undefined/products/undefined - 401 (3ms)
2025-09-23 21:07:04 [INFO]: DELETE /carts/undefined/products/undefined - 401 (3ms)
2025-09-23 21:07:04 [INFO]: DELETE /carts/undefined - 401 (3ms)
2025-09-23 21:07:05 [ERROR]: Error en POST /users/login: Credenciales incorrectas
2025-09-23 21:07:05 [INFO]: POST /users/login - 500 (28ms)
2025-09-23 21:07:05 [INFO]: POST /products - 401 (2ms)
2025-09-23 21:07:05 [INFO]: GET /products - 401 (3ms)
2025-09-23 21:07:05 [INFO]: GET /products/undefined - 401 (3ms)
2025-09-23 21:07:05 [INFO]: PUT /products/undefined - 401 (2ms)
2025-09-23 21:07:05 [INFO]: DELETE /products/undefined - 401 (3ms)
2025-09-23 21:07:06 [INFO]: GET / - 200 (3ms)
2025-09-23 21:18:51 [INFO]: GET / - 200 (9ms)
2025-09-23 21:42:44 [INFO]: GET / - 200 (8ms)
2025-09-23 21:44:33 [INFO]: GET / - 200 (9ms)
2025-09-23 21:51:54 [INFO]: GET / - 200 (7ms)
2025-09-23 21:51:55 [INFO]: POST /users/register - 400 (6ms)
2025-09-23 21:51:55 [ERROR]: Error en POST /users/login: Credenciales incorrectas
2025-09-23 21:51:55 [INFO]: POST /users/login - 500 (29ms)
2025-09-23 21:51:55 [INFO]: GET /users/profile - 401 (3ms)
2025-09-23 21:51:56 [INFO]: POST /users/refresh - 401 (2ms)
2025-09-23 21:51:56 [INFO]: POST /users/logout - 200 (3ms)
2025-09-23 21:51:57 [ERROR]: Error en POST /users/login: Credenciales incorrectas
2025-09-23 21:51:57 [INFO]: POST /users/login - 500 (31ms)
2025-09-23 21:51:57 [INFO]: POST /carts/undefined/products/undefined - 404 (2ms)
2025-09-23 21:51:57 [INFO]: POST /ticket/purchase - 401 (3ms)
2025-09-23 21:51:59 [ERROR]: Error en POST /users/login: Credenciales incorrectas
2025-09-23 21:51:59 [INFO]: POST /users/login - 500 (30ms)
2025-09-23 21:51:59 [INFO]: GET /carts - 401 (3ms)
2025-09-23 21:51:59 [INFO]: POST /carts/undefined/products/undefined - 404 (2ms)
2025-09-23 21:51:59 [INFO]: PUT /carts/undefined/products/undefined - 401 (2ms)
2025-09-23 21:51:59 [INFO]: DELETE /carts/undefined/products/undefined - 401 (2ms)
2025-09-23 21:51:59 [INFO]: DELETE /carts/undefined - 401 (2ms)
2025-09-23 21:52:01 [ERROR]: Error en POST /users/login: Credenciales incorrectas
2025-09-23 21:52:01 [INFO]: POST /users/login - 500 (40ms)
2025-09-23 21:52:01 [INFO]: POST /products - 401 (2ms)
2025-09-23 21:52:01 [INFO]: GET /products - 401 (2ms)
2025-09-23 21:52:01 [INFO]: GET /products/undefined - 401 (2ms)
2025-09-23 21:52:01 [INFO]: PUT /products/undefined - 401 (2ms)
2025-09-23 21:52:01 [INFO]: DELETE /products/undefined - 401 (2ms)
2025-09-24 09:46:01 [INFO]: POST /users/register - 400 (12ms)
2025-09-24 09:46:01 [ERROR]: Error en POST /users/login: Credenciales incorrectas
2025-09-24 09:46:01 [INFO]: POST /users/login - 500 (42ms)
2025-09-24 09:46:01 [INFO]: GET /users/profile - 401 (6ms)
2025-09-24 09:46:01 [INFO]: POST /users/refresh - 401 (5ms)
2025-09-24 09:46:01 [INFO]: POST /users/logout - 200 (5ms)
2025-09-24 09:46:03 [ERROR]: Error en POST /users/login: Credenciales incorrectas
2025-09-24 09:46:03 [INFO]: POST /users/login - 500 (46ms)
2025-09-24 09:46:03 [INFO]: POST /products - 401 (2ms)
2025-09-24 09:46:03 [INFO]: GET /products - 401 (5ms)
2025-09-24 09:46:03 [INFO]: GET /products/undefined - 401 (4ms)
2025-09-24 09:46:03 [INFO]: PUT /products/undefined - 401 (1ms)
2025-09-24 09:46:03 [INFO]: DELETE /products/undefined - 401 (3ms)
2025-09-24 09:46:05 [ERROR]: Error en POST /users/login: Credenciales incorrectas
2025-09-24 09:46:05 [INFO]: POST /users/login - 500 (30ms)
2025-09-24 09:46:05 [INFO]: GET /carts - 401 (4ms)
2025-09-24 09:46:05 [INFO]: POST /carts/undefined/products/undefined - 404 (3ms)
2025-09-24 09:46:05 [INFO]: PUT /carts/undefined/products/undefined - 401 (2ms)
2025-09-24 09:46:05 [INFO]: DELETE /carts/undefined/products/undefined - 401 (5ms)
2025-09-24 09:46:05 [INFO]: DELETE /carts/undefined - 401 (3ms)
2025-09-24 09:46:08 [ERROR]: Error en POST /users/login: Credenciales incorrectas
2025-09-24 09:46:08 [INFO]: POST /users/login - 500 (72ms)
2025-09-24 09:46:08 [INFO]: POST /carts/undefined/products/undefined - 404 (4ms)
2025-09-24 09:46:08 [INFO]: POST /ticket/purchase - 401 (4ms)
2025-09-24 09:46:11 [INFO]: GET / - 200 (10ms)
2025-09-24 14:13:08 [ERROR]: Error en POST /users/login: Credenciales incorrectas
2025-09-24 14:13:08 [INFO]: POST /users/login - 500 (42ms)
2025-09-24 14:13:09 [ERROR]: Error en POST /users/login: Credenciales incorrectas
2025-09-24 14:13:09 [INFO]: POST /users/login - 500 (51ms)
2025-09-24 14:13:10 [ERROR]: Error en POST /users/login: Credenciales incorrectas
2025-09-24 14:13:10 [INFO]: POST /users/login - 500 (19ms)
2025-09-25 20:02:11 [INFO]: POST /users/register - 400 (12ms)
2025-09-25 20:02:11 [ERROR]: Error en POST /users/login: Credenciales incorrectas
2025-09-25 20:02:11 [INFO]: POST /users/login - 500 (45ms)
2025-09-25 20:02:11 [INFO]: POST /products - 401 (6ms)
2025-09-25 20:02:11 [INFO]: POST /carts/products/undefined - 401 (16ms)
2025-09-25 20:02:13 [INFO]: POST /users/register - 400 (7ms)
2025-09-25 20:02:13 [ERROR]: Error en POST /users/login: Credenciales incorrectas
2025-09-25 20:02:13 [INFO]: POST /users/login - 500 (15ms)
2025-09-25 20:02:17 [INFO]: POST /users/register - 400 (6ms)
2025-09-25 20:02:17 [ERROR]: Error en POST /users/login: Credenciales incorrectas
2025-09-25 20:02:17 [INFO]: POST /users/login - 500 (11ms)
2025-09-25 20:02:17 [INFO]: POST /products - 401 (2ms)
2025-09-25 20:02:17 [INFO]: POST /carts - 401 (1ms)
2025-09-25 20:09:25 [INFO]: POST /users/register - 400 (9ms)
2025-09-25 20:09:25 [ERROR]: Error en POST /users/login: Credenciales incorrectas
2025-09-25 20:09:25 [INFO]: POST /users/login - 500 (28ms)
2025-09-25 20:09:25 [INFO]: GET /users/profile - 401 (5ms)
2025-09-25 20:09:25 [INFO]: POST /users/refresh - 401 (2ms)
2025-09-25 20:09:25 [INFO]: POST /users/logout - 200 (6ms)
2025-09-25 20:09:28 [INFO]: POST /users/register - 400 (6ms)
2025-09-25 20:09:28 [ERROR]: Error en POST /users/login: Credenciales incorrectas
2025-09-25 20:09:28 [INFO]: POST /users/login - 500 (22ms)
2025-09-25 20:09:28 [INFO]: POST /products - 401 (4ms)
2025-09-25 20:09:28 [INFO]: POST /carts/products/undefined - 401 (3ms)
2025-09-25 20:09:28 [INFO]: POST /ticket/purchase - 401 (2ms)
2025-09-25 20:09:29 [INFO]: POST /users/register - 400 (7ms)
2025-09-25 20:09:29 [ERROR]: Error en POST /users/login: Credenciales incorrectas
2025-09-25 20:09:29 [INFO]: POST /users/login - 500 (16ms)
2025-09-25 20:09:29 [INFO]: POST /products - 401 (4ms)
2025-09-25 20:09:29 [INFO]: GET /products - 401 (2ms)
2025-09-25 20:09:29 [INFO]: GET /products/undefined - 401 (3ms)
2025-09-25 20:09:29 [INFO]: PUT /products/undefined - 401 (2ms)
2025-09-25 20:09:29 [INFO]: DELETE /products/undefined - 401 (2ms)
2025-09-25 20:09:32 [INFO]: POST /users/register - 400 (5ms)
2025-09-25 20:09:32 [ERROR]: Error en POST /users/login: Credenciales incorrectas
2025-09-25 20:09:32 [INFO]: POST /users/login - 500 (16ms)
2025-09-25 20:09:32 [INFO]: POST /products - 401 (2ms)
2025-09-25 20:09:32 [INFO]: POST /carts - 401 (2ms)
2025-09-25 20:09:32 [INFO]: GET /carts - 401 (2ms)
2025-09-25 20:09:32 [INFO]: POST /carts/undefined/products/undefined - 404 (2ms)
2025-09-25 20:09:32 [INFO]: PUT /carts/undefined/products/undefined - 401 (3ms)
2025-09-25 20:09:32 [INFO]: DELETE /carts/undefined/products/undefined - 401 (2ms)
2025-09-25 20:09:32 [INFO]: DELETE /carts/clear/undefined - 401 (3ms)
2025-09-25 20:09:33 [INFO]: GET / - 200 (3ms)
2025-09-26 15:46:05 [INFO]: POST /users/register - 400 (10ms)
2025-09-26 15:46:05 [ERROR]: Error en POST /users/login: Credenciales incorrectas
2025-09-26 15:46:05 [INFO]: POST /users/login - 500 (30ms)
2025-09-26 15:46:05 [INFO]: GET /users/profile - 401 (8ms)
2025-09-26 15:46:05 [INFO]: POST /users/refresh - 401 (2ms)
2025-09-26 15:46:05 [INFO]: POST /users/logout - 200 (3ms)
2025-09-26 15:46:11 [INFO]: POST /users/register - 400 (8ms)
2025-09-26 15:46:11 [ERROR]: Error en POST /users/login: Credenciales incorrectas
2025-09-26 15:46:11 [INFO]: POST /users/login - 500 (18ms)
2025-09-26 15:46:11 [INFO]: POST /products - 401 (4ms)
2025-09-26 15:46:11 [INFO]: GET /products - 401 (3ms)
2025-09-26 15:46:11 [INFO]: GET /products/undefined - 401 (3ms)
2025-09-26 15:46:11 [INFO]: PUT /products/undefined - 401 (4ms)
2025-09-26 15:46:11 [INFO]: DELETE /products/undefined - 401 (4ms)
2025-09-26 15:46:12 [INFO]: POST /users/register - 400 (8ms)
2025-09-26 15:46:12 [ERROR]: Error en POST /users/login: Credenciales incorrectas
2025-09-26 15:46:12 [INFO]: POST /users/login - 500 (24ms)
2025-09-26 15:46:13 [INFO]: POST /products - 401 (4ms)
2025-09-26 15:46:13 [INFO]: POST /carts/products/undefined - 401 (7ms)
2025-09-26 15:46:13 [INFO]: POST /ticket/purchase - 401 (4ms)
2025-09-26 15:46:14 [INFO]: POST /users/register - 400 (5ms)
2025-09-26 15:46:14 [ERROR]: Error en POST /users/login: Credenciales incorrectas
2025-09-26 15:46:14 [INFO]: POST /users/login - 500 (15ms)
2025-09-26 15:46:14 [INFO]: POST /products - 401 (12ms)
2025-09-26 15:46:14 [INFO]: POST /carts - 401 (4ms)
2025-09-26 15:46:14 [INFO]: GET /carts - 401 (4ms)
2025-09-26 15:46:14 [INFO]: POST /carts/undefined/products/undefined - 404 (5ms)
2025-09-26 15:46:14 [INFO]: PUT /carts/undefined/products/undefined - 401 (5ms)
2025-09-26 15:46:14 [INFO]: DELETE /carts/undefined/products/undefined - 401 (7ms)
2025-09-26 15:46:14 [INFO]: DELETE /carts/clear/undefined - 401 (3ms)
2025-09-26 15:46:16 [INFO]: GET / - 200 (7ms)
2025-09-26 16:20:22 [INFO]: POST /users/register - 400 (7ms)
2025-09-26 16:20:22 [ERROR]: Error en POST /users/login: Credenciales incorrectas
2025-09-26 16:20:22 [INFO]: POST /users/login - 500 (24ms)
2025-09-26 16:20:22 [INFO]: GET /users/profile - 401 (5ms)
2025-09-26 16:20:22 [INFO]: POST /users/refresh - 401 (2ms)
2025-09-26 16:20:22 [INFO]: POST /users/logout - 200 (3ms)
2025-09-26 16:20:26 [INFO]: POST /users/register - 400 (5ms)
2025-09-26 16:20:26 [ERROR]: Error en POST /users/login: Credenciales incorrectas
2025-09-26 16:20:26 [INFO]: POST /users/login - 500 (14ms)
2025-09-26 16:20:26 [INFO]: POST /products - 401 (3ms)
2025-09-26 16:20:26 [INFO]: POST /carts - 401 (2ms)
2025-09-26 16:20:26 [INFO]: GET /carts - 401 (2ms)
2025-09-26 16:20:26 [INFO]: POST /carts/undefined/products/undefined - 404 (2ms)
2025-09-26 16:20:26 [INFO]: PUT /carts/undefined/products/undefined - 401 (1ms)
2025-09-26 16:20:26 [INFO]: DELETE /carts/undefined/products/undefined - 401 (2ms)
2025-09-26 16:20:26 [INFO]: DELETE /carts/clear/undefined - 401 (2ms)
2025-09-26 16:20:27 [INFO]: GET / - 200 (5ms)
2025-09-26 16:20:28 [INFO]: POST /users/register - 400 (7ms)
2025-09-26 16:20:28 [ERROR]: Error en POST /users/login: Credenciales incorrectas
2025-09-26 16:20:28 [INFO]: POST /users/login - 500 (13ms)
2025-09-26 16:20:28 [INFO]: POST /products - 401 (3ms)
2025-09-26 16:20:28 [INFO]: POST /carts/products/undefined - 401 (1ms)
2025-09-26 16:20:28 [INFO]: POST /ticket/purchase - 401 (2ms)
2025-09-26 16:20:29 [INFO]: POST /users/register - 400 (9ms)
2025-09-26 16:20:29 [ERROR]: Error en POST /users/login: Credenciales incorrectas
2025-09-26 16:20:29 [INFO]: POST /users/login - 500 (13ms)
2025-09-26 16:20:29 [INFO]: POST /products - 401 (4ms)
2025-09-26 16:20:29 [INFO]: GET /products - 401 (2ms)
2025-09-26 16:20:29 [INFO]: GET /products/undefined - 401 (2ms)
2025-09-26 16:20:29 [INFO]: PUT /products/undefined - 401 (2ms)
2025-09-26 16:20:29 [INFO]: DELETE /products/undefined - 401 (3ms)
2025-09-26 16:40:32 [INFO]: GET / - 200 (8ms)
2025-09-30 09:27:36 [INFO]: GET / - 200 (18ms)
2025-09-30 09:30:10 [INFO]: GET / - 200 (14ms)
2025-09-30 14:07:45 [INFO]: GET / - 200 (12ms)
2025-09-30 14:07:46 [INFO]: POST /users/register - 400 (9ms)
2025-09-30 14:07:46 [ERROR]: Error en POST /users/login: Credenciales incorrectas
2025-09-30 14:07:46 [INFO]: POST /users/login - 500 (68ms)
2025-09-30 14:07:46 [INFO]: POST /ticket/purchase - 401 (8ms)
2025-09-30 14:07:52 [INFO]: POST /users/register - 400 (7ms)
2025-09-30 14:07:52 [ERROR]: Error en POST /users/login: Credenciales incorrectas
2025-09-30 14:07:52 [INFO]: POST /users/login - 500 (52ms)
2025-09-30 14:07:52 [INFO]: POST /products - 401 (5ms)
2025-09-30 14:07:53 [INFO]: POST /carts - 401 (6ms)
2025-09-30 14:07:53 [INFO]: GET /carts - 401 (4ms)
2025-09-30 14:07:53 [INFO]: POST /users/register - 400 (2ms)
2025-09-30 14:07:53 [ERROR]: Error en POST /users/login: Credenciales incorrectas
2025-09-30 14:07:53 [INFO]: POST /users/login - 500 (14ms)
2025-09-30 14:07:53 [INFO]: POST /products - 401 (3ms)
2025-09-30 14:07:53 [INFO]: POST /carts - 401 (2ms)
2025-09-30 14:07:53 [INFO]: POST /carts/undefined/products/undefined - 404 (4ms)
2025-09-30 14:07:53 [INFO]: POST /users/register - 400 (4ms)
2025-09-30 14:07:53 [ERROR]: Error en POST /users/login: Credenciales incorrectas
2025-09-30 14:07:53 [INFO]: POST /users/login - 500 (14ms)
2025-09-30 14:07:53 [INFO]: POST /products - 401 (2ms)
2025-09-30 14:07:53 [INFO]: POST /carts - 401 (3ms)
2025-09-30 14:07:53 [INFO]: PUT /carts/undefined/products/undefined - 401 (4ms)
2025-09-30 14:07:53 [INFO]: POST /users/register - 400 (4ms)
2025-09-30 14:07:53 [ERROR]: Error en POST /users/login: Credenciales incorrectas
2025-09-30 14:07:53 [INFO]: POST /users/login - 500 (22ms)
2025-09-30 14:07:53 [INFO]: POST /products - 401 (3ms)
2025-09-30 14:07:53 [INFO]: POST /carts - 401 (3ms)
2025-09-30 14:07:53 [INFO]: DELETE /carts/undefined/products/undefined - 401 (4ms)
2025-09-30 14:07:53 [INFO]: POST /users/register - 400 (4ms)
2025-09-30 14:07:53 [ERROR]: Error en POST /users/login: Credenciales incorrectas
2025-09-30 14:07:53 [INFO]: POST /users/login - 500 (15ms)
2025-09-30 14:07:53 [INFO]: POST /products - 401 (3ms)
2025-09-30 14:07:53 [INFO]: POST /carts - 401 (2ms)
2025-09-30 14:07:53 [INFO]: DELETE /carts/clear/undefined - 401 (2ms)
2025-09-30 14:07:59 [INFO]: POST /users/register - 400 (6ms)
2025-09-30 14:07:59 [ERROR]: Error en POST /users/login: Credenciales incorrectas
2025-09-30 14:07:59 [INFO]: POST /users/login - 500 (24ms)
2025-09-30 14:07:59 [INFO]: POST /products - 401 (4ms)
2025-09-30 14:07:59 [INFO]: POST /users/register - 400 (2ms)
2025-09-30 14:07:59 [ERROR]: Error en POST /users/login: Credenciales incorrectas
2025-09-30 14:07:59 [INFO]: POST /users/login - 500 (12ms)
2025-09-30 14:07:59 [INFO]: GET /products - 401 (2ms)
2025-09-30 14:37:55 [INFO]: POST /users/register - 400 (11ms)
2025-09-30 14:37:55 [ERROR]: Error en POST /users/login: Credenciales incorrectas
2025-09-30 14:37:55 [INFO]: POST /users/login - 500 (29ms)
2025-09-30 14:37:55 [INFO]: POST /products - 401 (3ms)
2025-09-30 14:37:55 [INFO]: POST /carts - 401 (3ms)
2025-09-30 14:37:55 [INFO]: GET /carts - 401 (1ms)
2025-09-30 14:37:55 [INFO]: POST /users/register - 400 (1ms)
2025-09-30 14:37:55 [ERROR]: Error en POST /users/login: Credenciales incorrectas
2025-09-30 14:37:55 [INFO]: POST /users/login - 500 (11ms)
2025-09-30 14:37:55 [INFO]: POST /products - 401 (1ms)
2025-09-30 14:37:55 [INFO]: POST /carts - 401 (2ms)
2025-09-30 14:37:55 [INFO]: POST /carts/undefined/products/undefined - 404 (4ms)
2025-09-30 14:37:55 [INFO]: POST /users/register - 400 (2ms)
2025-09-30 14:37:55 [ERROR]: Error en POST /users/login: Credenciales incorrectas
2025-09-30 14:37:55 [INFO]: POST /users/login - 500 (21ms)
2025-09-30 14:37:55 [INFO]: POST /products - 401 (2ms)
2025-09-30 14:37:55 [INFO]: POST /carts - 401 (2ms)
2025-09-30 14:37:55 [INFO]: PUT /carts/undefined/products/undefined - 401 (3ms)
2025-09-30 14:37:55 [INFO]: POST /users/register - 400 (2ms)
2025-09-30 14:37:55 [ERROR]: Error en POST /users/login: Credenciales incorrectas
2025-09-30 14:37:55 [INFO]: POST /users/login - 500 (12ms)
2025-09-30 14:37:55 [INFO]: POST /products - 401 (2ms)
2025-09-30 14:37:55 [INFO]: POST /carts - 401 (1ms)
2025-09-30 14:37:55 [INFO]: DELETE /carts/undefined/products/undefined - 401 (2ms)
2025-09-30 14:37:55 [INFO]: POST /users/register - 400 (2ms)
2025-09-30 14:37:55 [ERROR]: Error en POST /users/login: Credenciales incorrectas
2025-09-30 14:37:55 [INFO]: POST /users/login - 500 (10ms)
2025-09-30 14:37:55 [INFO]: POST /products - 401 (2ms)
2025-09-30 14:37:55 [INFO]: POST /carts - 401 (1ms)
2025-09-30 14:37:55 [INFO]: DELETE /carts/clear/undefined - 401 (2ms)
2025-09-30 14:38:11 [INFO]: POST /users/register - 400 (7ms)
2025-09-30 14:38:11 [ERROR]: Error en POST /users/login: Credenciales incorrectas
2025-09-30 14:38:11 [INFO]: POST /users/login - 500 (31ms)
2025-09-30 14:38:11 [INFO]: POST /ticket/purchase - 401 (3ms)
2025-09-30 14:38:27 [INFO]: POST /users/register - 400 (5ms)
2025-09-30 14:38:27 [ERROR]: Error en POST /users/login: Credenciales incorrectas
2025-09-30 14:38:27 [INFO]: POST /users/login - 500 (29ms)
2025-09-30 14:38:27 [INFO]: POST /products - 401 (2ms)
2025-09-30 14:38:27 [INFO]: POST /users/register - 400 (2ms)
2025-09-30 14:38:27 [ERROR]: Error en POST /users/login: Credenciales incorrectas
2025-09-30 14:38:27 [INFO]: POST /users/login - 500 (8ms)
2025-09-30 14:38:27 [INFO]: GET /products - 401 (2ms)
2025-09-30 14:38:43 [INFO]: GET / - 200 (5ms)
2025-09-30 14:55:55 [INFO]: POST /users/register - 400 (11ms)
2025-09-30 14:55:55 [ERROR]: Error en POST /users/login: Credenciales incorrectas
2025-09-30 14:55:55 [INFO]: POST /users/login - 500 (24ms)
2025-09-30 14:55:55 [INFO]: POST /products - 401 (4ms)
2025-09-30 14:55:55 [INFO]: POST /carts - 401 (3ms)
2025-09-30 14:55:55 [INFO]: GET /carts - 401 (2ms)
2025-09-30 14:55:55 [INFO]: POST /users/register - 400 (1ms)
2025-09-30 14:55:55 [ERROR]: Error en POST /users/login: Credenciales incorrectas
2025-09-30 14:55:55 [INFO]: POST /users/login - 500 (8ms)
2025-09-30 14:55:55 [INFO]: POST /products - 401 (1ms)
2025-09-30 14:55:55 [INFO]: POST /carts - 401 (2ms)
2025-09-30 14:55:55 [INFO]: POST /carts/undefined/products/undefined - 404 (3ms)
2025-09-30 14:55:55 [INFO]: POST /users/register - 400 (2ms)
2025-09-30 14:55:55 [ERROR]: Error en POST /users/login: Credenciales incorrectas
2025-09-30 14:55:55 [INFO]: POST /users/login - 500 (8ms)
2025-09-30 14:55:55 [INFO]: POST /products - 401 (2ms)
2025-09-30 14:55:55 [INFO]: POST /carts - 401 (2ms)
2025-09-30 14:55:55 [INFO]: PUT /carts/undefined/products/undefined - 401 (1ms)
2025-09-30 14:55:55 [INFO]: POST /users/register - 400 (1ms)
2025-09-30 14:55:55 [ERROR]: Error en POST /users/login: Credenciales incorrectas
2025-09-30 14:55:55 [INFO]: POST /users/login - 500 (8ms)
2025-09-30 14:55:55 [INFO]: POST /products - 401 (1ms)
2025-09-30 14:55:55 [INFO]: POST /carts - 401 (2ms)
2025-09-30 14:55:55 [INFO]: DELETE /carts/undefined/products/undefined - 401 (2ms)
2025-09-30 14:55:55 [INFO]: POST /users/register - 400 (2ms)
2025-09-30 14:55:55 [ERROR]: Error en POST /users/login: Credenciales incorrectas
2025-09-30 14:55:55 [INFO]: POST /users/login - 500 (11ms)
2025-09-30 14:55:55 [INFO]: POST /products - 401 (2ms)
2025-09-30 14:55:55 [INFO]: POST /carts - 401 (1ms)
2025-09-30 14:55:55 [INFO]: DELETE /carts/clear/undefined - 401 (2ms)
2025-09-30 14:55:56 [INFO]: POST /users/register - 400 (5ms)
2025-09-30 14:55:56 [ERROR]: Error en POST /users/login: Credenciales incorrectas
2025-09-30 14:55:56 [INFO]: POST /users/login - 500 (35ms)
2025-09-30 14:55:56 [INFO]: POST /products - 401 (3ms)
2025-09-30 14:55:56 [INFO]: POST /users/register - 400 (3ms)
2025-09-30 14:55:56 [ERROR]: Error en POST /users/login: Credenciales incorrectas
2025-09-30 14:55:56 [INFO]: POST /users/login - 500 (8ms)
2025-09-30 14:55:56 [INFO]: GET /products - 401 (1ms)
2025-09-30 14:55:57 [INFO]: POST /users/register - 400 (4ms)
2025-09-30 14:55:57 [ERROR]: Error en POST /users/login: Credenciales incorrectas
2025-09-30 14:55:57 [INFO]: POST /users/login - 500 (32ms)
2025-09-30 14:55:57 [INFO]: POST /ticket/purchase - 401 (3ms)
2025-09-30 14:55:58 [INFO]: GET / - 200 (5ms)
2025-09-30 15:09:30 [INFO]: POST /users/register - 400 (8ms)
2025-09-30 15:09:30 [ERROR]: Error en POST /users/login: Credenciales incorrectas
2025-09-30 15:09:30 [INFO]: POST /users/login - 500 (29ms)
2025-09-30 15:09:30 [INFO]: POST /products - 401 (3ms)
2025-09-30 15:09:30 [INFO]: POST /carts - 401 (1ms)
2025-09-30 15:09:30 [INFO]: GET /carts - 401 (2ms)
2025-09-30 15:09:30 [INFO]: POST /users/register - 400 (2ms)
2025-09-30 15:09:30 [ERROR]: Error en POST /users/login: Credenciales incorrectas
2025-09-30 15:09:30 [INFO]: POST /users/login - 500 (10ms)
2025-09-30 15:09:30 [INFO]: POST /products - 401 (2ms)
2025-09-30 15:09:30 [INFO]: POST /carts - 401 (3ms)
2025-09-30 15:09:30 [INFO]: POST /carts/undefined/products/undefined - 404 (2ms)
2025-09-30 15:09:30 [INFO]: POST /users/register - 400 (3ms)
2025-09-30 15:09:30 [ERROR]: Error en POST /users/login: Credenciales incorrectas
2025-09-30 15:09:30 [INFO]: POST /users/login - 500 (10ms)
2025-09-30 15:09:30 [INFO]: POST /products - 401 (1ms)
2025-09-30 15:09:30 [INFO]: POST /carts - 401 (2ms)
2025-09-30 15:09:30 [INFO]: PUT /carts/undefined/products/undefined - 401 (3ms)
2025-09-30 15:09:30 [INFO]: POST /users/register - 400 (3ms)
2025-09-30 15:09:30 [ERROR]: Error en POST /users/login: Credenciales incorrectas
2025-09-30 15:09:30 [INFO]: POST /users/login - 500 (11ms)
2025-09-30 15:09:30 [INFO]: POST /products - 401 (2ms)
2025-09-30 15:09:30 [INFO]: POST /carts - 401 (4ms)
2025-09-30 15:09:31 [INFO]: DELETE /carts/undefined/products/undefined - 401 (2ms)
2025-09-30 15:09:31 [INFO]: POST /users/register - 400 (3ms)
2025-09-30 15:09:31 [ERROR]: Error en POST /users/login: Credenciales incorrectas
2025-09-30 15:09:31 [INFO]: POST /users/login - 500 (10ms)
2025-09-30 15:09:31 [INFO]: POST /products - 401 (2ms)
2025-09-30 15:09:31 [INFO]: POST /carts - 401 (1ms)
2025-09-30 15:09:31 [INFO]: DELETE /carts/clear/undefined - 401 (2ms)
2025-09-30 15:09:31 [INFO]: POST /users/register - 400 (4ms)
2025-09-30 15:09:31 [ERROR]: Error en POST /users/login: Credenciales incorrectas
2025-09-30 15:09:31 [INFO]: POST /users/login - 500 (30ms)
2025-09-30 15:09:31 [INFO]: POST /products - 401 (2ms)
2025-09-30 15:09:32 [INFO]: POST /users/register - 400 (2ms)
2025-09-30 15:09:32 [ERROR]: Error en POST /users/login: Credenciales incorrectas
2025-09-30 15:09:32 [INFO]: POST /users/login - 500 (10ms)
2025-09-30 15:09:32 [INFO]: GET /products - 401 (2ms)
2025-09-30 15:09:32 [INFO]: POST /users/register - 400 (4ms)
2025-09-30 15:09:32 [ERROR]: Error en POST /users/login: Credenciales incorrectas
2025-09-30 15:09:32 [INFO]: POST /users/login - 500 (28ms)
2025-09-30 15:09:32 [INFO]: POST /ticket/purchase - 401 (3ms)
2025-09-30 15:09:33 [INFO]: GET / - 200 (3ms)
2025-09-30 15:27:09 [INFO]: POST /users/register - 400 (9ms)
2025-09-30 15:27:09 [ERROR]: Error en POST /users/login: Credenciales incorrectas
2025-09-30 15:27:09 [INFO]: POST /users/login - 500 (27ms)
2025-09-30 15:27:09 [INFO]: POST /products - 401 (3ms)
2025-09-30 15:27:09 [INFO]: POST /carts - 401 (4ms)
2025-09-30 15:27:09 [INFO]: GET /carts - 401 (5ms)
2025-09-30 15:27:10 [INFO]: POST /users/register - 400 (3ms)
2025-09-30 15:27:10 [ERROR]: Error en POST /users/login: Credenciales incorrectas
2025-09-30 15:27:10 [INFO]: POST /users/login - 500 (10ms)
2025-09-30 15:27:10 [INFO]: POST /products - 401 (1ms)
2025-09-30 15:27:10 [INFO]: POST /carts - 401 (3ms)
2025-09-30 15:27:10 [INFO]: POST /carts/undefined/products/undefined - 404 (6ms)
2025-09-30 15:27:10 [INFO]: POST /users/register - 400 (2ms)
2025-09-30 15:27:10 [ERROR]: Error en POST /users/login: Credenciales incorrectas
2025-09-30 15:27:10 [INFO]: POST /users/login - 500 (10ms)
2025-09-30 15:27:10 [INFO]: POST /products - 401 (1ms)
2025-09-30 15:27:10 [INFO]: POST /carts - 401 (2ms)
2025-09-30 15:27:10 [INFO]: PUT /carts/undefined/products/undefined - 401 (3ms)
2025-09-30 15:27:10 [INFO]: POST /users/register - 400 (2ms)
2025-09-30 15:27:10 [ERROR]: Error en POST /users/login: Credenciales incorrectas
2025-09-30 15:27:10 [INFO]: POST /users/login - 500 (11ms)
2025-09-30 15:27:10 [INFO]: POST /products - 401 (2ms)
2025-09-30 15:27:10 [INFO]: POST /carts - 401 (2ms)
2025-09-30 15:27:10 [INFO]: DELETE /carts/undefined/products/undefined - 401 (3ms)
2025-09-30 15:27:10 [INFO]: POST /users/register - 400 (2ms)
2025-09-30 15:27:10 [ERROR]: Error en POST /users/login: Credenciales incorrectas
2025-09-30 15:27:10 [INFO]: POST /users/login - 500 (8ms)
2025-09-30 15:27:10 [INFO]: POST /products - 401 (1ms)
2025-09-30 15:27:10 [INFO]: POST /carts - 401 (2ms)
2025-09-30 15:27:10 [INFO]: DELETE /carts/clear/undefined - 401 (2ms)
2025-09-30 15:27:11 [INFO]: POST /users/register - 400 (5ms)
2025-09-30 15:27:11 [ERROR]: Error en POST /users/login: Credenciales incorrectas
2025-09-30 15:27:11 [INFO]: POST /users/login - 500 (28ms)
2025-09-30 15:27:11 [INFO]: POST /products - 401 (2ms)
2025-09-30 15:27:11 [INFO]: POST /users/register - 400 (2ms)
2025-09-30 15:27:11 [ERROR]: Error en POST /users/login: Credenciales incorrectas
2025-09-30 15:27:11 [INFO]: POST /users/login - 500 (9ms)
2025-09-30 15:27:11 [INFO]: GET /products - 401 (2ms)
2025-09-30 15:27:12 [INFO]: POST /users/register - 400 (5ms)
2025-09-30 15:27:12 [ERROR]: Error en POST /users/login: Credenciales incorrectas
2025-09-30 15:27:12 [INFO]: POST /users/login - 500 (29ms)
2025-09-30 15:27:12 [INFO]: POST /ticket/purchase - 401 (2ms)
2025-09-30 15:27:13 [INFO]: GET / - 200 (6ms)
2025-09-30 15:27:13 [INFO]: POST /users/register - 400 (7ms)
2025-09-30 15:27:13 [INFO]: POST /users/register - 400 (2ms)
2025-09-30 15:27:13 [ERROR]: Error en POST /users/login: Credenciales incorrectas
2025-09-30 15:27:14 [INFO]: POST /users/login - 500 (16ms)
2025-09-30 15:27:14 [INFO]: POST /users/register - 400 (3ms)
2025-09-30 15:27:14 [ERROR]: Error en POST /users/login: Credenciales incorrectas
2025-09-30 15:27:14 [INFO]: POST /users/login - 500 (10ms)
2025-09-30 15:27:14 [INFO]: GET /users/profile - 401 (2ms)
2025-09-30 15:27:14 [INFO]: POST /users/register - 400 (2ms)
2025-09-30 15:27:14 [ERROR]: Error en POST /users/login: Credenciales incorrectas
2025-09-30 15:27:14 [INFO]: POST /users/login - 500 (11ms)
2025-09-30 15:27:14 [INFO]: POST /users/refresh - 401 (2ms)
2025-09-30 15:27:14 [INFO]: POST /users/register - 400 (2ms)
2025-09-30 15:27:14 [ERROR]: Error en POST /users/login: Credenciales incorrectas
2025-09-30 15:27:14 [INFO]: POST /users/login - 500 (10ms)
2025-09-30 15:27:14 [INFO]: POST /users/logout - 200 (3ms)
2025-09-30 15:36:11 [INFO]: POST /users/register - 400 (8ms)
2025-09-30 15:36:11 [INFO]: POST /users/register - 400 (1ms)
2025-09-30 15:36:11 [ERROR]: Error en POST /users/login: Credenciales incorrectas
2025-09-30 15:36:11 [INFO]: POST /users/login - 500 (18ms)
2025-09-30 15:36:11 [INFO]: POST /users/register - 400 (2ms)
2025-09-30 15:36:11 [ERROR]: Error en POST /users/login: Credenciales incorrectas
2025-09-30 15:36:11 [INFO]: POST /users/login - 500 (13ms)
2025-09-30 15:36:11 [INFO]: GET /users/profile - 401 (3ms)
2025-09-30 15:36:11 [INFO]: POST /users/register - 400 (2ms)
2025-09-30 15:36:11 [ERROR]: Error en POST /users/login: Credenciales incorrectas
2025-09-30 15:36:11 [INFO]: POST /users/login - 500 (7ms)
2025-09-30 15:36:11 [INFO]: POST /users/refresh - 401 (2ms)
2025-09-30 15:36:11 [INFO]: POST /users/register - 400 (2ms)
2025-09-30 15:36:11 [ERROR]: Error en POST /users/login: Credenciales incorrectas
2025-09-30 15:36:11 [INFO]: POST /users/login - 500 (10ms)
2025-09-30 15:36:11 [INFO]: POST /users/logout - 200 (2ms)
2025-09-30 15:36:42 [INFO]: POST /users/register - 400 (5ms)
2025-09-30 15:36:42 [ERROR]: Error en POST /users/login: Credenciales incorrectas
2025-09-30 15:36:42 [INFO]: POST /users/login - 500 (21ms)
2025-09-30 15:36:42 [INFO]: POST /products - 401 (2ms)
2025-09-30 15:36:42 [INFO]: POST /carts - 401 (1ms)
2025-09-30 15:36:42 [INFO]: GET /carts - 401 (2ms)
2025-09-30 15:36:42 [INFO]: POST /users/register - 400 (2ms)
2025-09-30 15:36:42 [ERROR]: Error en POST /users/login: Credenciales incorrectas
2025-09-30 15:36:42 [INFO]: POST /users/login - 500 (11ms)
2025-09-30 15:36:42 [INFO]: POST /products - 401 (2ms)
2025-09-30 15:36:42 [INFO]: POST /carts - 401 (2ms)
2025-09-30 15:36:42 [INFO]: POST /carts/undefined/products/undefined - 404 (3ms)
2025-09-30 15:36:42 [INFO]: POST /users/register - 400 (2ms)
2025-09-30 15:36:42 [ERROR]: Error en POST /users/login: Credenciales incorrectas
2025-09-30 15:36:42 [INFO]: POST /users/login - 500 (8ms)
2025-09-30 15:36:42 [INFO]: POST /products - 401 (1ms)
2025-09-30 15:36:42 [INFO]: POST /carts - 401 (3ms)
2025-09-30 15:36:42 [INFO]: PUT /carts/undefined/products/undefined - 401 (2ms)
2025-09-30 15:36:42 [INFO]: POST /users/register - 400 (2ms)
2025-09-30 15:36:42 [ERROR]: Error en POST /users/login: Credenciales incorrectas
2025-09-30 15:36:42 [INFO]: POST /users/login - 500 (8ms)
2025-09-30 15:36:42 [INFO]: POST /products - 401 (1ms)
2025-09-30 15:36:42 [INFO]: POST /carts - 401 (2ms)
2025-09-30 15:36:42 [INFO]: DELETE /carts/undefined/products/undefined - 401 (2ms)
2025-09-30 15:36:42 [INFO]: POST /users/register - 400 (3ms)
2025-09-30 15:36:42 [ERROR]: Error en POST /users/login: Credenciales incorrectas
2025-09-30 15:36:42 [INFO]: POST /users/login - 500 (11ms)
2025-09-30 15:36:42 [INFO]: POST /products - 401 (1ms)
2025-09-30 15:36:42 [INFO]: POST /carts - 401 (1ms)
2025-09-30 15:36:42 [INFO]: DELETE /carts/clear/undefined - 401 (2ms)
2025-09-30 15:36:44 [INFO]: POST /users/register - 400 (8ms)
2025-09-30 15:36:44 [ERROR]: Error en POST /users/login: Credenciales incorrectas
2025-09-30 15:36:44 [INFO]: POST /users/login - 500 (28ms)
2025-09-30 15:36:44 [INFO]: POST /products - 401 (3ms)
2025-09-30 15:36:44 [INFO]: POST /users/register - 400 (3ms)
2025-09-30 15:36:44 [ERROR]: Error en POST /users/login: Credenciales incorrectas
2025-09-30 15:36:44 [INFO]: POST /users/login - 500 (10ms)
2025-09-30 15:36:44 [INFO]: GET /products - 401 (2ms)
2025-09-30 15:36:46 [INFO]: POST /users/register - 400 (5ms)
2025-09-30 15:36:46 [ERROR]: Error en POST /users/login: Credenciales incorrectas
2025-09-30 15:36:46 [INFO]: POST /users/login - 500 (27ms)
2025-09-30 15:36:46 [INFO]: POST /ticket/purchase - 401 (3ms)
2025-09-30 15:36:47 [INFO]: GET / - 200 (4ms)
2025-09-30 15:43:43 [INFO]: POST /users/register - 400 (8ms)
2025-09-30 15:43:43 [INFO]: POST /users/register - 400 (3ms)
2025-09-30 15:43:43 [ERROR]: Error en POST /users/login: Credenciales incorrectas
2025-09-30 15:43:43 [INFO]: POST /users/login - 500 (20ms)
2025-09-30 15:43:43 [INFO]: POST /users/register - 400 (4ms)
2025-09-30 15:43:43 [ERROR]: Error en POST /users/login: Credenciales incorrectas
2025-09-30 15:43:43 [INFO]: POST /users/login - 500 (11ms)
2025-09-30 15:43:43 [INFO]: GET /users/profile - 401 (5ms)
2025-09-30 15:43:43 [INFO]: POST /users/register - 400 (3ms)
2025-09-30 15:43:43 [ERROR]: Error en POST /users/login: Credenciales incorrectas
2025-09-30 15:43:43 [INFO]: POST /users/login - 500 (12ms)
2025-09-30 15:43:43 [INFO]: POST /users/refresh - 401 (2ms)
2025-09-30 15:43:43 [INFO]: POST /users/register - 400 (2ms)
2025-09-30 15:43:43 [ERROR]: Error en POST /users/login: Credenciales incorrectas
2025-09-30 15:43:43 [INFO]: POST /users/login - 500 (10ms)
2025-09-30 15:43:43 [INFO]: POST /users/logout - 200 (2ms)
2025-09-30 15:43:44 [INFO]: POST /users/register - 400 (13ms)
2025-09-30 15:43:44 [ERROR]: Error en POST /users/login: Credenciales incorrectas
2025-09-30 15:43:44 [INFO]: POST /users/login - 500 (27ms)
2025-09-30 15:43:44 [INFO]: POST /products - 401 (2ms)
2025-09-30 15:43:44 [INFO]: POST /carts - 401 (2ms)
2025-09-30 15:43:44 [INFO]: GET /carts - 401 (3ms)
2025-09-30 15:43:44 [INFO]: POST /users/register - 400 (3ms)
2025-09-30 15:43:44 [ERROR]: Error en POST /users/login: Credenciales incorrectas
2025-09-30 15:43:44 [INFO]: POST /users/login - 500 (11ms)
2025-09-30 15:43:44 [INFO]: POST /products - 401 (2ms)
2025-09-30 15:43:44 [INFO]: POST /carts - 401 (2ms)
2025-09-30 15:43:44 [INFO]: POST /carts/undefined/products/undefined - 404 (3ms)
2025-09-30 15:43:44 [INFO]: POST /users/register - 400 (3ms)
2025-09-30 15:43:44 [ERROR]: Error en POST /users/login: Credenciales incorrectas
2025-09-30 15:43:44 [INFO]: POST /users/login - 500 (11ms)
2025-09-30 15:43:44 [INFO]: POST /products - 401 (2ms)
2025-09-30 15:43:44 [INFO]: POST /carts - 401 (2ms)
2025-09-30 15:43:45 [INFO]: PUT /carts/undefined/products/undefined - 401 (2ms)
2025-09-30 15:43:45 [INFO]: POST /users/register - 400 (1ms)
2025-09-30 15:43:45 [ERROR]: Error en POST /users/login: Credenciales incorrectas
2025-09-30 15:43:45 [INFO]: POST /users/login - 500 (10ms)
2025-09-30 15:43:45 [INFO]: POST /products - 401 (1ms)
2025-09-30 15:43:45 [INFO]: POST /carts - 401 (1ms)
2025-09-30 15:43:45 [INFO]: DELETE /carts/undefined/products/undefined - 401 (2ms)
2025-09-30 15:43:45 [INFO]: POST /users/register - 400 (1ms)
2025-09-30 15:43:45 [ERROR]: Error en POST /users/login: Credenciales incorrectas
2025-09-30 15:43:45 [INFO]: POST /users/login - 500 (9ms)
2025-09-30 15:43:45 [INFO]: POST /products - 401 (2ms)
2025-09-30 15:43:45 [INFO]: POST /carts - 401 (2ms)
2025-09-30 15:43:45 [INFO]: DELETE /carts/clear/undefined - 401 (2ms)
2025-09-30 15:43:48 [INFO]: POST /users/register - 400 (6ms)
2025-09-30 15:43:48 [ERROR]: Error en POST /users/login: Credenciales incorrectas
2025-09-30 15:43:48 [INFO]: POST /users/login - 500 (34ms)
2025-09-30 15:43:48 [INFO]: POST /ticket/purchase - 401 (4ms)
2025-09-30 15:43:49 [INFO]: POST /users/register - 400 (7ms)
2025-09-30 15:43:49 [ERROR]: Error en POST /users/login: Credenciales incorrectas
2025-09-30 15:43:49 [INFO]: POST /users/login - 500 (35ms)
2025-09-30 15:43:49 [INFO]: POST /products - 401 (3ms)
2025-09-30 15:43:49 [INFO]: POST /users/register - 400 (3ms)
2025-09-30 15:43:49 [ERROR]: Error en POST /users/login: Credenciales incorrectas
2025-09-30 15:43:50 [INFO]: POST /users/login - 500 (12ms)
2025-09-30 15:43:50 [INFO]: GET /products - 401 (4ms)
2025-09-30 15:43:50 [INFO]: GET / - 200 (3ms)
2025-09-30 15:45:55 [ERROR]: Error en POST /users/login: Credenciales incorrectas
2025-09-30 15:45:55 [INFO]: POST /users/login - 500 (27ms)
2025-09-30 15:46:44 [INFO]: 🆕 Usuario registrado: ignaalcaniz@gmail.com
2025-09-30 15:46:45 [INFO]: POST /users/register - 201 (1038ms)
2025-09-30 15:47:12 [INFO]: POST /users/login - 200 (124ms)
2025-09-30 15:47:34 [ERROR]: Error al agregar producto al carrito: Error: Producto no encontrado
2025-09-30 15:47:34 [ERROR]: Error en POST /carts/products/67e70c668b211e1c1e76fd67: Error: Producto no encontrado
2025-09-30 15:47:34 [INFO]: POST /carts/products/67e70c668b211e1c1e76fd67 - 500 (46ms)
2025-09-30 15:47:34 [ERROR]: Error al agregar producto al carrito: Error: Producto no encontrado
2025-09-30 15:47:34 [ERROR]: Error en POST /carts/products/67e70c668b211e1c1e76fd67: Error: Producto no encontrado
2025-09-30 15:47:34 [INFO]: POST /carts/products/67e70c668b211e1c1e76fd67 - 500 (18ms)
2025-09-30 15:47:35 [ERROR]: Error al agregar producto al carrito: Error: Producto no encontrado
2025-09-30 15:47:35 [ERROR]: Error en POST /carts/products/67e70c668b211e1c1e76fd67: Error: Producto no encontrado
2025-09-30 15:47:35 [INFO]: POST /carts/products/67e70c668b211e1c1e76fd67 - 500 (20ms)
2025-09-30 15:47:35 [ERROR]: Error al agregar producto al carrito: Error: Producto no encontrado
2025-09-30 15:47:35 [ERROR]: Error en POST /carts/products/67e70c668b211e1c1e76fd67: Error: Producto no encontrado
2025-09-30 15:47:35 [INFO]: POST /carts/products/67e70c668b211e1c1e76fd67 - 500 (15ms)
2025-09-30 15:47:35 [ERROR]: Error al agregar producto al carrito: Error: Producto no encontrado
2025-09-30 15:47:35 [ERROR]: Error en POST /carts/products/67e70c668b211e1c1e76fd67: Error: Producto no encontrado
2025-09-30 15:47:35 [INFO]: POST /carts/products/67e70c668b211e1c1e76fd67 - 500 (23ms)
2025-09-30 15:47:40 [ERROR]: ❌ Error al generar ticket: El carrito está vacío
2025-09-30 15:47:40 [ERROR]: Error en POST /ticket/purchase: El carrito está vacío
2025-09-30 15:47:40 [INFO]: POST /ticket/purchase - 500 (17ms)
2025-09-30 15:56:51 [INFO]: POST /users/login - 200 (186ms)
2025-09-30 15:57:11 [INFO]: Producto 68dc270a3f805b78b5e7781f agregado al carrito [object Object]
2025-09-30 15:57:11 [INFO]: POST /carts/products/68dc270a3f805b78b5e7781f - 200 (66ms)
2025-09-30 15:57:26 [INFO]: 🎟️ Ticket generado para ignaalcaniz@gmail.com
2025-09-30 15:57:26 [INFO]: POST /ticket/purchase - 201 (1795ms)
2025-09-30 15:58:00 [INFO]: POST /users/register - 400 (8ms)
2025-09-30 15:58:00 [INFO]: POST /users/register - 400 (2ms)
2025-09-30 15:58:00 [ERROR]: Error en POST /users/login: Credenciales incorrectas
2025-09-30 15:58:00 [INFO]: POST /users/login - 500 (18ms)
2025-09-30 15:58:00 [INFO]: POST /users/register - 400 (2ms)
2025-09-30 15:58:00 [ERROR]: Error en POST /users/login: Credenciales incorrectas
2025-09-30 15:58:00 [INFO]: POST /users/login - 500 (12ms)
2025-09-30 15:58:00 [INFO]: GET /users/profile - 401 (4ms)
2025-09-30 15:58:00 [INFO]: POST /users/register - 400 (2ms)
2025-09-30 15:58:00 [ERROR]: Error en POST /users/login: Credenciales incorrectas
2025-09-30 15:58:00 [INFO]: POST /users/login - 500 (9ms)
2025-09-30 15:58:00 [INFO]: POST /users/refresh - 401 (2ms)
2025-09-30 15:58:00 [INFO]: POST /users/register - 400 (2ms)
2025-09-30 15:58:00 [ERROR]: Error en POST /users/login: Credenciales incorrectas
2025-09-30 15:58:00 [INFO]: POST /users/login - 500 (9ms)
2025-09-30 15:58:00 [INFO]: POST /users/logout - 200 (2ms)
2025-09-30 15:58:01 [INFO]: POST /users/register - 400 (5ms)
2025-09-30 15:58:01 [ERROR]: Error en POST /users/login: Credenciales incorrectas
2025-09-30 15:58:01 [INFO]: POST /users/login - 500 (27ms)
2025-09-30 15:58:01 [INFO]: POST /ticket/purchase - 401 (2ms)
2025-09-30 15:58:02 [INFO]: POST /users/register - 400 (5ms)
2025-09-30 15:58:02 [ERROR]: Error en POST /users/login: Credenciales incorrectas
2025-09-30 15:58:02 [INFO]: POST /users/login - 500 (22ms)
2025-09-30 15:58:02 [INFO]: POST /products - 401 (2ms)
2025-09-30 15:58:02 [INFO]: POST /carts - 401 (1ms)
2025-09-30 15:58:02 [INFO]: GET /carts - 401 (2ms)
2025-09-30 15:58:02 [INFO]: POST /users/register - 400 (2ms)
2025-09-30 15:58:02 [ERROR]: Error en POST /users/login: Credenciales incorrectas
2025-09-30 15:58:02 [INFO]: POST /users/login - 500 (11ms)
2025-09-30 15:58:02 [INFO]: POST /products - 401 (3ms)
2025-09-30 15:58:02 [INFO]: POST /carts - 401 (3ms)
2025-09-30 15:58:02 [INFO]: POST /carts/undefined/products/undefined - 404 (4ms)
2025-09-30 15:58:02 [INFO]: POST /users/register - 400 (1ms)
2025-09-30 15:58:02 [ERROR]: Error en POST /users/login: Credenciales incorrectas
2025-09-30 15:58:02 [INFO]: POST /users/login - 500 (11ms)
2025-09-30 15:58:02 [INFO]: POST /products - 401 (2ms)
2025-09-30 15:58:02 [INFO]: POST /carts - 401 (2ms)
2025-09-30 15:58:02 [INFO]: PUT /carts/undefined/products/undefined - 401 (2ms)
2025-09-30 15:58:02 [INFO]: POST /users/register - 400 (1ms)
2025-09-30 15:58:02 [ERROR]: Error en POST /users/login: Credenciales incorrectas
2025-09-30 15:58:02 [INFO]: POST /users/login - 500 (8ms)
2025-09-30 15:58:02 [INFO]: POST /products - 401 (1ms)
2025-09-30 15:58:02 [INFO]: POST /carts - 401 (2ms)
2025-09-30 15:58:02 [INFO]: DELETE /carts/undefined/products/undefined - 401 (2ms)
2025-09-30 15:58:02 [INFO]: POST /users/register - 400 (1ms)
2025-09-30 15:58:02 [ERROR]: Error en POST /users/login: Credenciales incorrectas
2025-09-30 15:58:02 [INFO]: POST /users/login - 500 (11ms)
2025-09-30 15:58:02 [INFO]: POST /products - 401 (2ms)
2025-09-30 15:58:02 [INFO]: POST /carts - 401 (2ms)
2025-09-30 15:58:02 [INFO]: DELETE /carts/clear/undefined - 401 (2ms)
2025-09-30 15:58:04 [INFO]: POST /users/register - 400 (5ms)
2025-09-30 15:58:04 [ERROR]: Error en POST /users/login: Credenciales incorrectas
2025-09-30 15:58:04 [INFO]: POST /users/login - 500 (36ms)
2025-09-30 15:58:04 [INFO]: POST /products - 401 (2ms)
2025-09-30 15:58:04 [INFO]: POST /users/register - 400 (2ms)
2025-09-30 15:58:04 [ERROR]: Error en POST /users/login: Credenciales incorrectas
2025-09-30 15:58:04 [INFO]: POST /users/login - 500 (9ms)
2025-09-30 15:58:04 [INFO]: GET /products - 401 (2ms)
2025-09-30 15:58:06 [INFO]: GET / - 200 (5ms)
2025-10-07 14:14:18 [INFO]: POST /users/register - 400 (99ms)
2025-10-07 14:14:19 [INFO]: POST /users/register - 400 (15ms)
2025-10-07 14:14:19 [ERROR]: Error en POST /users/login: Credenciales incorrectas
2025-10-07 14:14:19 [INFO]: POST /users/login - 500 (88ms)
2025-10-07 14:14:19 [INFO]: POST /users/register - 400 (9ms)
2025-10-07 14:14:19 [ERROR]: Error en POST /users/login: Credenciales incorrectas
2025-10-07 14:14:19 [INFO]: POST /users/login - 500 (114ms)
2025-10-07 14:14:19 [INFO]: GET /users/profile - 401 (27ms)
2025-10-07 14:14:19 [INFO]: POST /users/register - 400 (13ms)
2025-10-07 14:14:20 [ERROR]: Error en POST /users/login: Credenciales incorrectas
2025-10-07 14:14:20 [INFO]: POST /users/login - 500 (37ms)
2025-10-07 14:14:20 [INFO]: POST /users/refresh - 401 (10ms)
2025-10-07 14:14:20 [INFO]: POST /users/register - 400 (6ms)
2025-10-07 14:14:20 [ERROR]: Error en POST /users/login: Credenciales incorrectas
2025-10-07 14:14:20 [INFO]: POST /users/login - 500 (34ms)
2025-10-07 14:14:20 [INFO]: POST /users/logout - 200 (11ms)
2025-10-07 14:14:24 [INFO]: POST /users/register - 400 (17ms)
2025-10-07 14:14:24 [ERROR]: Error en POST /users/login: Credenciales incorrectas
2025-10-07 14:14:24 [INFO]: POST /users/login - 500 (41ms)
2025-10-07 14:14:24 [INFO]: POST /products - 401 (10ms)
2025-10-07 14:14:24 [INFO]: POST /carts - 401 (6ms)
2025-10-07 14:14:24 [INFO]: GET /carts - 401 (3ms)
2025-10-07 14:14:24 [INFO]: POST /users/register - 400 (3ms)
2025-10-07 14:14:24 [ERROR]: Error en POST /users/login: Credenciales incorrectas
2025-10-07 14:14:24 [INFO]: POST /users/login - 500 (15ms)
2025-10-07 14:14:24 [INFO]: POST /products - 401 (3ms)
2025-10-07 14:14:24 [INFO]: POST /carts - 401 (5ms)
2025-10-07 14:14:24 [INFO]: POST /carts/undefined/products/undefined - 404 (4ms)
2025-10-07 14:14:25 [INFO]: POST /users/register - 400 (6ms)
2025-10-07 14:14:25 [ERROR]: Error en POST /users/login: Credenciales incorrectas
2025-10-07 14:14:25 [INFO]: POST /users/login - 500 (18ms)
2025-10-07 14:14:25 [INFO]: POST /products - 401 (6ms)
2025-10-07 14:14:25 [INFO]: POST /carts - 401 (7ms)
2025-10-07 14:14:25 [INFO]: PUT /carts/undefined/products/undefined - 401 (12ms)
2025-10-07 14:14:25 [INFO]: POST /users/register - 400 (5ms)
2025-10-07 14:14:25 [ERROR]: Error en POST /users/login: Credenciales incorrectas
2025-10-07 14:14:25 [INFO]: POST /users/login - 500 (20ms)
2025-10-07 14:14:25 [INFO]: POST /products - 401 (3ms)
2025-10-07 14:14:25 [INFO]: POST /carts - 401 (3ms)
2025-10-07 14:14:25 [INFO]: DELETE /carts/undefined/products/undefined - 401 (2ms)
2025-10-07 14:14:25 [INFO]: POST /users/register - 400 (4ms)
2025-10-07 14:14:25 [ERROR]: Error en POST /users/login: Credenciales incorrectas
2025-10-07 14:14:25 [INFO]: POST /users/login - 500 (18ms)
2025-10-07 14:14:25 [INFO]: POST /products - 401 (3ms)
2025-10-07 14:14:25 [INFO]: POST /carts - 401 (4ms)
2025-10-07 14:14:25 [INFO]: DELETE /carts/clear/undefined - 401 (4ms)
2025-10-07 14:14:27 [INFO]: POST /users/register - 400 (10ms)
2025-10-07 14:14:27 [ERROR]: Error en POST /users/login: Credenciales incorrectas
2025-10-07 14:14:27 [INFO]: POST /users/login - 500 (28ms)
2025-10-07 14:14:27 [INFO]: POST /products - 401 (4ms)
2025-10-07 14:14:27 [INFO]: POST /users/register - 400 (3ms)
2025-10-07 14:14:27 [ERROR]: Error en POST /users/login: Credenciales incorrectas
2025-10-07 14:14:27 [INFO]: POST /users/login - 500 (14ms)
2025-10-07 14:14:27 [INFO]: GET /products - 401 (3ms)
2025-10-07 14:14:33 [INFO]: POST /users/register - 400 (18ms)
2025-10-07 14:14:33 [ERROR]: Error en POST /users/login: Credenciales incorrectas
2025-10-07 14:14:33 [INFO]: POST /users/login - 500 (50ms)
2025-10-07 14:14:33 [INFO]: POST /ticket/purchase - 401 (7ms)
2025-10-07 14:14:35 [INFO]: GET / - 200 (8ms)
2025-10-09 17:34:51 [INFO]: POST /users/register - 400 (13ms)
2025-10-09 17:34:51 [INFO]: POST /users/register - 400 (3ms)
2025-10-09 17:34:51 [ERROR]: Error en POST /users/login: Credenciales incorrectas
2025-10-09 17:34:51 [INFO]: POST /users/login - 500 (30ms)
2025-10-09 17:34:51 [INFO]: POST /users/register - 400 (2ms)
2025-10-09 17:34:51 [ERROR]: Error en POST /users/login: Credenciales incorrectas
2025-10-09 17:34:51 [INFO]: POST /users/login - 500 (15ms)
2025-10-09 17:34:51 [INFO]: GET /users/profile - 401 (6ms)
2025-10-09 17:34:51 [INFO]: POST /users/register - 400 (4ms)
2025-10-09 17:34:51 [ERROR]: Error en POST /users/login: Credenciales incorrectas
2025-10-09 17:34:51 [INFO]: POST /users/login - 500 (13ms)
2025-10-09 17:34:52 [INFO]: POST /users/refresh - 401 (5ms)
2025-10-09 17:34:52 [INFO]: POST /users/register - 400 (3ms)
2025-10-09 17:34:52 [ERROR]: Error en POST /users/login: Credenciales incorrectas
2025-10-09 17:34:52 [INFO]: POST /users/login - 500 (15ms)
2025-10-09 17:34:52 [INFO]: POST /users/logout - 200 (3ms)
2025-10-09 17:34:55 [INFO]: POST /users/register - 400 (16ms)
2025-10-09 17:34:55 [ERROR]: Error en POST /users/login: Credenciales incorrectas
2025-10-09 17:34:55 [INFO]: POST /users/login - 500 (62ms)
2025-10-09 17:34:55 [INFO]: POST /products - 401 (8ms)
2025-10-09 17:34:55 [INFO]: POST /carts - 401 (7ms)
2025-10-09 17:34:55 [INFO]: GET /carts - 401 (5ms)
2025-10-09 17:34:56 [INFO]: POST /users/register - 400 (7ms)
2025-10-09 17:34:56 [ERROR]: Error en POST /users/login: Credenciales incorrectas
2025-10-09 17:34:56 [INFO]: POST /users/login - 500 (21ms)
2025-10-09 17:34:56 [INFO]: POST /products - 401 (4ms)
2025-10-09 17:34:56 [INFO]: POST /carts - 401 (6ms)
2025-10-09 17:34:56 [INFO]: POST /carts/undefined/products/undefined - 404 (6ms)
2025-10-09 17:34:56 [INFO]: POST /users/register - 400 (6ms)
2025-10-09 17:34:56 [ERROR]: Error en POST /users/login: Credenciales incorrectas
2025-10-09 17:34:56 [INFO]: POST /users/login - 500 (27ms)
2025-10-09 17:34:56 [INFO]: POST /products - 401 (4ms)
2025-10-09 17:34:56 [INFO]: POST /carts - 401 (6ms)
2025-10-09 17:34:56 [INFO]: PUT /carts/undefined/products/undefined - 401 (4ms)
2025-10-09 17:34:56 [INFO]: POST /users/register - 400 (5ms)
2025-10-09 17:34:56 [ERROR]: Error en POST /users/login: Credenciales incorrectas
2025-10-09 17:34:56 [INFO]: POST /users/login - 500 (22ms)
2025-10-09 17:34:56 [INFO]: POST /products - 401 (6ms)
2025-10-09 17:34:56 [INFO]: POST /carts - 401 (4ms)
2025-10-09 17:34:56 [INFO]: DELETE /carts/undefined/products/undefined - 401 (5ms)
2025-10-09 17:34:56 [INFO]: POST /users/register - 400 (5ms)
2025-10-09 17:34:56 [ERROR]: Error en POST /users/login: Credenciales incorrectas
2025-10-09 17:34:56 [INFO]: POST /users/login - 500 (22ms)
2025-10-09 17:34:56 [INFO]: POST /products - 401 (5ms)
2025-10-09 17:34:56 [INFO]: POST /carts - 401 (4ms)
2025-10-09 17:34:56 [INFO]: DELETE /carts/clear/undefined - 401 (5ms)
2025-10-09 17:35:04 [INFO]: POST /users/register - 400 (8ms)
2025-10-09 17:35:04 [ERROR]: Error en POST /users/login: Credenciales incorrectas
2025-10-09 17:35:04 [INFO]: POST /users/login - 500 (24ms)
2025-10-09 17:35:04 [INFO]: POST /ticket/purchase - 401 (3ms)
2025-10-09 17:35:09 [INFO]: GET / - 200 (18ms)
2025-10-09 17:35:12 [INFO]: POST /users/register - 400 (8ms)
2025-10-09 17:35:12 [ERROR]: Error en POST /users/login: Credenciales incorrectas
2025-10-09 17:35:12 [INFO]: POST /users/login - 500 (19ms)
2025-10-09 17:35:12 [INFO]: POST /products - 401 (4ms)
2025-10-09 17:35:12 [INFO]: POST /users/register - 400 (4ms)
2025-10-09 17:35:12 [ERROR]: Error en POST /users/login: Credenciales incorrectas
2025-10-09 17:35:12 [INFO]: POST /users/login - 500 (16ms)
2025-10-09 17:35:12 [INFO]: GET /products - 401 (4ms)
2025-10-10 16:13:24 [INFO]: POST /users/register - 400 (15ms)
2025-10-10 16:13:24 [INFO]: POST /users/register - 400 (2ms)
2025-10-10 16:13:24 [ERROR]: Error en POST /users/login: Credenciales incorrectas
2025-10-10 16:13:24 [INFO]: POST /users/login - 500 (32ms)
2025-10-10 16:13:24 [INFO]: POST /users/register - 400 (2ms)
2025-10-10 16:13:24 [ERROR]: Error en POST /users/login: Credenciales incorrectas
2025-10-10 16:13:24 [INFO]: POST /users/login - 500 (15ms)
2025-10-10 16:13:24 [INFO]: GET /users/profile - 401 (6ms)
2025-10-10 16:13:25 [INFO]: POST /users/register - 400 (3ms)
2025-10-10 16:13:25 [ERROR]: Error en POST /users/login: Credenciales incorrectas
2025-10-10 16:13:25 [INFO]: POST /users/login - 500 (13ms)
2025-10-10 16:13:25 [INFO]: POST /users/refresh - 401 (5ms)
2025-10-10 16:13:25 [INFO]: POST /users/register - 400 (3ms)
2025-10-10 16:13:25 [ERROR]: Error en POST /users/login: Credenciales incorrectas
2025-10-10 16:13:25 [INFO]: POST /users/login - 500 (14ms)
2025-10-10 16:13:25 [INFO]: POST /users/logout - 200 (6ms)
2025-10-10 16:13:27 [INFO]: POST /users/register - 400 (9ms)
2025-10-10 16:13:27 [ERROR]: Error en POST /users/login: Credenciales incorrectas
2025-10-10 16:13:27 [INFO]: POST /users/login - 500 (37ms)
2025-10-10 16:13:27 [INFO]: POST /products - 401 (2ms)
2025-10-10 16:13:27 [INFO]: POST /carts - 401 (2ms)
2025-10-10 16:13:27 [INFO]: GET /carts - 401 (2ms)
2025-10-10 16:13:27 [INFO]: POST /users/register - 400 (3ms)
2025-10-10 16:13:27 [ERROR]: Error en POST /users/login: Credenciales incorrectas
2025-10-10 16:13:27 [INFO]: POST /users/login - 500 (15ms)
2025-10-10 16:13:27 [INFO]: POST /products - 401 (2ms)
2025-10-10 16:13:27 [INFO]: POST /carts - 401 (4ms)
2025-10-10 16:13:27 [INFO]: POST /carts/undefined/products/undefined - 404 (3ms)
2025-10-10 16:13:27 [INFO]: POST /users/register - 400 (3ms)
2025-10-10 16:13:27 [ERROR]: Error en POST /users/login: Credenciales incorrectas
2025-10-10 16:13:27 [INFO]: POST /users/login - 500 (11ms)
2025-10-10 16:13:27 [INFO]: POST /products - 401 (3ms)
2025-10-10 16:13:27 [INFO]: POST /carts - 401 (3ms)
2025-10-10 16:13:28 [INFO]: PUT /carts/undefined/products/undefined - 401 (5ms)
2025-10-10 16:13:28 [INFO]: POST /users/register - 400 (2ms)
2025-10-10 16:13:28 [ERROR]: Error en POST /users/login: Credenciales incorrectas
2025-10-10 16:13:28 [INFO]: POST /users/login - 500 (15ms)
2025-10-10 16:13:28 [INFO]: POST /products - 401 (2ms)
2025-10-10 16:13:28 [INFO]: POST /carts - 401 (2ms)
2025-10-10 16:13:28 [INFO]: DELETE /carts/undefined/products/undefined - 401 (4ms)
2025-10-10 16:13:28 [INFO]: POST /users/register - 400 (2ms)
2025-10-10 16:13:28 [ERROR]: Error en POST /users/login: Credenciales incorrectas
2025-10-10 16:13:28 [INFO]: POST /users/login - 500 (14ms)
2025-10-10 16:13:28 [INFO]: POST /products - 401 (2ms)
2025-10-10 16:13:28 [INFO]: POST /carts - 401 (2ms)
2025-10-10 16:13:28 [INFO]: DELETE /carts/clear/undefined - 401 (3ms)
2025-10-10 16:13:33 [INFO]: POST /users/register - 400 (8ms)
2025-10-10 16:13:33 [ERROR]: Error en POST /users/login: Credenciales incorrectas
2025-10-10 16:13:33 [INFO]: POST /users/login - 500 (23ms)
2025-10-10 16:13:33 [INFO]: POST /ticket/purchase - 401 (5ms)
2025-10-10 16:13:35 [INFO]: GET / - 200 (9ms)
2025-10-10 16:13:38 [INFO]: POST /users/register - 400 (12ms)
2025-10-10 16:13:38 [ERROR]: Error en POST /users/login: Credenciales incorrectas
2025-10-10 16:13:38 [INFO]: POST /users/login - 500 (35ms)
2025-10-10 16:13:38 [INFO]: POST /products - 401 (3ms)
2025-10-10 16:13:38 [INFO]: POST /users/register - 400 (3ms)
2025-10-10 16:13:38 [ERROR]: Error en POST /users/login: Credenciales incorrectas
2025-10-10 16:13:38 [INFO]: POST /users/login - 500 (18ms)
2025-10-10 16:13:38 [INFO]: GET /products - 401 (3ms)
2025-10-10 20:26:11 [INFO]: GET / - 200 (13ms)
2025-10-10 20:26:11 [INFO]: GET /favicon.ico - 404 (5ms)
2025-10-10 20:27:07 [ERROR]: Error en POST /users/login: Credenciales incorrectas
2025-10-10 20:27:07 [INFO]: POST /users/login - 500 (34ms)
2025-10-10 20:27:58 [INFO]: 🆕 Usuario registrado: facualca2001@gmail.com
2025-10-10 20:27:58 [INFO]: POST /users/register - 201 (119ms)
2025-10-10 20:29:12 [INFO]: POST /users/login - 200 (87ms)
2025-10-10 20:29:36 [ERROR]: Error al agregar producto al carrito: Error: Producto no encontrado
2025-10-10 20:29:36 [ERROR]: Error en POST /carts/products/68dc270a3f805b78b5e7781f: Error: Producto no encontrado
2025-10-10 20:29:36 [INFO]: POST /carts/products/68dc270a3f805b78b5e7781f - 500 (57ms)
2025-10-10 17:35:11 [INFO]: POST /users/register - 400 (13ms)
2025-10-10 17:35:11 [INFO]: POST /users/register - 400 (2ms)
2025-10-10 17:35:11 [ERROR]: Error en POST /users/login: Credenciales incorrectas
2025-10-10 17:35:11 [INFO]: POST /users/login - 500 (29ms)
2025-10-10 17:35:11 [INFO]: POST /users/register - 400 (3ms)
2025-10-10 17:35:11 [ERROR]: Error en POST /users/login: Credenciales incorrectas
2025-10-10 17:35:11 [INFO]: POST /users/login - 500 (13ms)
2025-10-10 17:35:11 [INFO]: GET /users/profile - 401 (4ms)
2025-10-10 17:35:11 [INFO]: POST /users/register - 400 (4ms)
2025-10-10 17:35:11 [ERROR]: Error en POST /users/login: Credenciales incorrectas
2025-10-10 17:35:11 [INFO]: POST /users/login - 500 (11ms)
2025-10-10 17:35:11 [INFO]: POST /users/refresh - 401 (3ms)
2025-10-10 17:35:12 [INFO]: POST /users/register - 400 (2ms)
2025-10-10 17:35:12 [ERROR]: Error en POST /users/login: Credenciales incorrectas
2025-10-10 17:35:12 [INFO]: POST /users/login - 500 (12ms)
2025-10-10 17:35:12 [INFO]: POST /users/logout - 200 (4ms)
2025-10-10 17:35:14 [INFO]: POST /users/register - 400 (8ms)
2025-10-10 17:35:14 [ERROR]: Error en POST /users/login: Credenciales incorrectas
2025-10-10 17:35:14 [INFO]: POST /users/login - 500 (20ms)
2025-10-10 17:35:14 [INFO]: POST /products - 401 (2ms)
2025-10-10 17:35:14 [INFO]: POST /users/register - 400 (3ms)
2025-10-10 17:35:14 [ERROR]: Error en POST /users/login: Credenciales incorrectas
2025-10-10 17:35:14 [INFO]: POST /users/login - 500 (14ms)
2025-10-10 17:35:14 [INFO]: GET /products - 401 (2ms)
2025-10-10 17:35:17 [INFO]: POST /users/register - 400 (11ms)
2025-10-10 17:35:17 [ERROR]: Error en POST /users/login: Credenciales incorrectas
2025-10-10 17:35:17 [INFO]: POST /users/login - 500 (33ms)
2025-10-10 17:35:17 [INFO]: POST /products - 401 (3ms)
2025-10-10 17:35:17 [INFO]: POST /carts - 401 (2ms)
2025-10-10 17:35:17 [INFO]: GET /carts - 401 (2ms)
2025-10-10 17:35:17 [INFO]: POST /users/register - 400 (3ms)
2025-10-10 17:35:17 [ERROR]: Error en POST /users/login: Credenciales incorrectas
2025-10-10 17:35:17 [INFO]: POST /users/login - 500 (15ms)
2025-10-10 17:35:17 [INFO]: POST /products - 401 (2ms)
2025-10-10 17:35:17 [INFO]: POST /carts - 401 (3ms)
2025-10-10 17:35:17 [INFO]: POST /carts/undefined/products/undefined - 404 (4ms)
2025-10-10 17:35:17 [INFO]: POST /users/register - 400 (2ms)
2025-10-10 17:35:17 [ERROR]: Error en POST /users/login: Credenciales incorrectas
2025-10-10 17:35:17 [INFO]: POST /users/login - 500 (11ms)
2025-10-10 17:35:17 [INFO]: POST /products - 401 (5ms)
2025-10-10 17:35:17 [INFO]: POST /carts - 401 (3ms)
2025-10-10 17:35:17 [INFO]: PUT /carts/undefined/products/undefined - 401 (4ms)
2025-10-10 17:35:17 [INFO]: POST /users/register - 400 (3ms)
2025-10-10 17:35:17 [ERROR]: Error en POST /users/login: Credenciales incorrectas
2025-10-10 17:35:17 [INFO]: POST /users/login - 500 (13ms)
2025-10-10 17:35:17 [INFO]: POST /products - 401 (4ms)
2025-10-10 17:35:17 [INFO]: POST /carts - 401 (4ms)
2025-10-10 17:35:17 [INFO]: DELETE /carts/undefined/products/undefined - 401 (2ms)
2025-10-10 17:35:17 [INFO]: POST /users/register - 400 (3ms)
2025-10-10 17:35:17 [ERROR]: Error en POST /users/login: Credenciales incorrectas
2025-10-10 17:35:17 [INFO]: POST /users/login - 500 (14ms)
2025-10-10 17:35:17 [INFO]: POST /products - 401 (2ms)
2025-10-10 17:35:17 [INFO]: POST /carts - 401 (2ms)
2025-10-10 17:35:17 [INFO]: DELETE /carts/clear/undefined - 401 (3ms)
2025-10-10 17:35:23 [INFO]: GET / - 200 (7ms)
2025-10-10 17:35:28 [INFO]: POST /users/register - 400 (8ms)
2025-10-10 17:35:28 [ERROR]: Error en POST /users/login: Credenciales incorrectas
2025-10-10 17:35:28 [INFO]: POST /users/login - 500 (29ms)
2025-10-10 17:35:28 [INFO]: POST /ticket/purchase - 401 (3ms)
2025-10-10 20:38:25 [INFO]: GET / - 304 (3ms)
2025-10-10 18:06:42 [INFO]: POST /users/register - 400 (15ms)
2025-10-10 18:06:42 [INFO]: POST /users/register - 400 (3ms)
2025-10-10 18:06:42 [ERROR]: Error en POST /users/login: Credenciales incorrectas
2025-10-10 18:06:42 [INFO]: POST /users/login - 500 (30ms)
2025-10-10 18:06:42 [INFO]: POST /users/register - 400 (2ms)
2025-10-10 18:06:42 [ERROR]: Error en POST /users/login: Credenciales incorrectas
2025-10-10 18:06:42 [INFO]: POST /users/login - 500 (12ms)
2025-10-10 18:06:42 [INFO]: GET /users/profile - 401 (6ms)
2025-10-10 18:06:42 [INFO]: POST /users/register - 400 (3ms)
2025-10-10 18:06:42 [ERROR]: Error en POST /users/login: Credenciales incorrectas
2025-10-10 18:06:42 [INFO]: POST /users/login - 500 (26ms)
2025-10-10 18:06:42 [INFO]: POST /users/refresh - 401 (3ms)
2025-10-10 18:06:42 [INFO]: POST /users/register - 400 (3ms)
2025-10-10 18:06:42 [ERROR]: Error en POST /users/login: Credenciales incorrectas
2025-10-10 18:06:42 [INFO]: POST /users/login - 500 (14ms)
2025-10-10 18:06:42 [INFO]: POST /users/logout - 200 (4ms)
2025-10-10 18:06:45 [INFO]: POST /users/register - 400 (9ms)
2025-10-10 18:06:45 [ERROR]: Error en POST /users/login: Credenciales incorrectas
2025-10-10 18:06:45 [INFO]: POST /users/login - 500 (85ms)
2025-10-10 18:06:45 [INFO]: POST /products - 401 (6ms)
2025-10-10 18:06:45 [INFO]: POST /carts - 401 (5ms)
2025-10-10 18:06:45 [INFO]: GET /carts - 401 (2ms)
2025-10-10 18:06:45 [INFO]: POST /users/register - 400 (3ms)
2025-10-10 18:06:45 [ERROR]: Error en POST /users/login: Credenciales incorrectas
2025-10-10 18:06:45 [INFO]: POST /users/login - 500 (19ms)
2025-10-10 18:06:45 [INFO]: POST /products - 401 (4ms)
2025-10-10 18:06:45 [INFO]: POST /carts - 401 (7ms)
2025-10-10 18:06:45 [INFO]: POST /carts/undefined/products/undefined - 404 (6ms)
2025-10-10 18:06:45 [INFO]: POST /users/register - 400 (8ms)
2025-10-10 18:06:45 [ERROR]: Error en POST /users/login: Credenciales incorrectas
2025-10-10 18:06:45 [INFO]: POST /users/login - 500 (25ms)
2025-10-10 18:06:45 [INFO]: POST /products - 401 (5ms)
2025-10-10 18:06:45 [INFO]: POST /carts - 401 (3ms)
2025-10-10 18:06:45 [INFO]: PUT /carts/undefined/products/undefined - 401 (2ms)
2025-10-10 18:06:45 [INFO]: POST /users/register - 400 (6ms)
2025-10-10 18:06:46 [ERROR]: Error en POST /users/login: Credenciales incorrectas
2025-10-10 18:06:46 [INFO]: POST /users/login - 500 (22ms)
2025-10-10 18:06:46 [INFO]: POST /products - 401 (11ms)
2025-10-10 18:06:46 [INFO]: POST /carts - 401 (5ms)
2025-10-10 18:06:46 [INFO]: DELETE /carts/undefined/products/undefined - 401 (9ms)
2025-10-10 18:06:46 [INFO]: POST /users/register - 400 (2ms)
2025-10-10 18:06:46 [ERROR]: Error en POST /users/login: Credenciales incorrectas
2025-10-10 18:06:46 [INFO]: POST /users/login - 500 (16ms)
2025-10-10 18:06:46 [INFO]: POST /products - 401 (3ms)
2025-10-10 18:06:46 [INFO]: POST /carts - 401 (6ms)
2025-10-10 18:06:46 [INFO]: DELETE /carts/clear/undefined - 401 (5ms)
2025-10-10 18:06:53 [INFO]: POST /users/register - 400 (16ms)
2025-10-10 18:06:53 [ERROR]: Error en POST /users/login: Credenciales incorrectas
2025-10-10 18:06:53 [INFO]: POST /users/login - 500 (58ms)
2025-10-10 18:06:54 [INFO]: POST /ticket/purchase - 401 (11ms)
2025-10-10 18:06:58 [INFO]: POST /users/register - 400 (10ms)
2025-10-10 18:06:58 [ERROR]: Error en POST /users/login: Credenciales incorrectas
2025-10-10 18:06:58 [INFO]: POST /users/login - 500 (41ms)
2025-10-10 18:06:58 [INFO]: POST /products - 401 (4ms)
2025-10-10 18:06:58 [INFO]: POST /users/register - 400 (3ms)
2025-10-10 18:06:58 [ERROR]: Error en POST /users/login: Credenciales incorrectas
2025-10-10 18:06:58 [INFO]: POST /users/login - 500 (18ms)
2025-10-10 18:06:58 [INFO]: GET /products - 401 (4ms)
2025-10-10 18:07:03 [INFO]: GET / - 200 (5ms)
2025-10-13 17:12:59 [INFO]: POST /users/register - 400 (14ms)
2025-10-13 17:13:00 [INFO]: POST /users/register - 400 (3ms)
2025-10-13 17:13:00 [ERROR]: Error en POST /users/login: Credenciales incorrectas
2025-10-13 17:13:00 [INFO]: POST /users/login - 500 (37ms)
2025-10-13 17:13:00 [INFO]: POST /users/register - 400 (4ms)
2025-10-13 17:13:00 [ERROR]: Error en POST /users/login: Credenciales incorrectas
2025-10-13 17:13:00 [INFO]: POST /users/login - 500 (12ms)
2025-10-13 17:13:00 [INFO]: GET /users/profile - 401 (4ms)
2025-10-13 17:13:00 [INFO]: POST /users/register - 400 (3ms)
2025-10-13 17:13:00 [ERROR]: Error en POST /users/login: Credenciales incorrectas
2025-10-13 17:13:00 [INFO]: POST /users/login - 500 (16ms)
2025-10-13 17:13:00 [INFO]: POST /users/refresh - 401 (2ms)
2025-10-13 17:13:00 [INFO]: POST /users/register - 400 (2ms)
2025-10-13 17:13:00 [ERROR]: Error en POST /users/login: Credenciales incorrectas
2025-10-13 17:13:00 [INFO]: POST /users/login - 500 (12ms)
2025-10-13 17:13:00 [INFO]: POST /users/logout - 200 (4ms)
2025-10-13 17:13:02 [INFO]: POST /users/register - 400 (5ms)
2025-10-13 17:13:02 [ERROR]: Error en POST /users/login: Credenciales incorrectas
2025-10-13 17:13:02 [INFO]: POST /users/login - 500 (30ms)
2025-10-13 17:13:02 [INFO]: POST /products - 401 (3ms)
2025-10-13 17:13:02 [INFO]: POST /users/register - 400 (3ms)
2025-10-13 17:13:02 [ERROR]: Error en POST /users/login: Credenciales incorrectas
2025-10-13 17:13:02 [INFO]: POST /users/login - 500 (15ms)
2025-10-13 17:13:02 [INFO]: GET /products - 401 (2ms)
2025-10-13 17:13:07 [INFO]: POST /users/register - 400 (5ms)
2025-10-13 17:13:07 [ERROR]: Error en POST /users/login: Credenciales incorrectas
2025-10-13 17:13:07 [INFO]: POST /users/login - 500 (23ms)
2025-10-13 17:13:07 [INFO]: POST /products - 401 (2ms)
2025-10-13 17:13:07 [INFO]: POST /carts - 401 (2ms)
2025-10-13 17:13:07 [INFO]: GET /carts - 401 (2ms)
2025-10-13 17:13:07 [INFO]: POST /users/register - 400 (1ms)
2025-10-13 17:13:07 [ERROR]: Error en POST /users/login: Credenciales incorrectas
2025-10-13 17:13:07 [INFO]: POST /users/login - 500 (10ms)
2025-10-13 17:13:07 [INFO]: POST /products - 401 (2ms)
2025-10-13 17:13:07 [INFO]: POST /carts - 401 (2ms)
2025-10-13 17:13:07 [INFO]: POST /carts/undefined/products/undefined - 404 (4ms)
2025-10-13 17:13:07 [INFO]: POST /users/register - 400 (2ms)
2025-10-13 17:13:07 [ERROR]: Error en POST /users/login: Credenciales incorrectas
2025-10-13 17:13:07 [INFO]: POST /users/login - 500 (14ms)
2025-10-13 17:13:07 [INFO]: POST /products - 401 (2ms)
2025-10-13 17:13:07 [INFO]: POST /carts - 401 (3ms)
2025-10-13 17:13:07 [INFO]: PUT /carts/undefined/products/undefined - 401 (1ms)
2025-10-13 17:13:07 [INFO]: POST /users/register - 400 (2ms)
2025-10-13 17:13:07 [ERROR]: Error en POST /users/login: Credenciales incorrectas
2025-10-13 17:13:07 [INFO]: POST /users/login - 500 (9ms)
2025-10-13 17:13:07 [INFO]: POST /products - 401 (3ms)
2025-10-13 17:13:07 [INFO]: POST /carts - 401 (3ms)
2025-10-13 17:13:07 [INFO]: DELETE /carts/undefined/products/undefined - 401 (2ms)
2025-10-13 17:13:07 [INFO]: POST /users/register - 400 (3ms)
2025-10-13 17:13:07 [ERROR]: Error en POST /users/login: Credenciales incorrectas
2025-10-13 17:13:07 [INFO]: POST /users/login - 500 (11ms)
2025-10-13 17:13:07 [INFO]: POST /products - 401 (3ms)
2025-10-13 17:13:07 [INFO]: POST /carts - 401 (3ms)
2025-10-13 17:13:07 [INFO]: DELETE /carts/clear/undefined - 401 (2ms)
2025-10-13 17:13:09 [INFO]: POST /users/register - 400 (10ms)
2025-10-13 17:13:09 [ERROR]: Error en POST /users/login: Credenciales incorrectas
2025-10-13 17:13:09 [INFO]: POST /users/login - 500 (31ms)
2025-10-13 17:13:09 [INFO]: POST /ticket/purchase - 401 (2ms)
2025-10-13 17:13:14 [INFO]: GET / - 200 (3ms)
2025-10-14 15:44:37 [INFO]: POST /users/register - 400 (13ms)
2025-10-14 15:44:37 [INFO]: POST /users/register - 400 (3ms)
2025-10-14 15:44:37 [ERROR]: Error en POST /users/login: Credenciales incorrectas
2025-10-14 15:44:37 [INFO]: POST /users/login - 500 (36ms)
2025-10-14 15:44:38 [INFO]: POST /users/register - 400 (4ms)
2025-10-14 15:44:38 [ERROR]: Error en POST /users/login: Credenciales incorrectas
2025-10-14 15:44:38 [INFO]: POST /users/login - 500 (19ms)
2025-10-14 15:44:38 [INFO]: GET /users/profile - 401 (6ms)
2025-10-14 15:44:38 [INFO]: POST /users/register - 400 (3ms)
2025-10-14 15:44:38 [ERROR]: Error en POST /users/login: Credenciales incorrectas
2025-10-14 15:44:38 [INFO]: POST /users/login - 500 (21ms)
2025-10-14 15:44:38 [INFO]: POST /users/refresh - 401 (4ms)
2025-10-14 15:44:38 [INFO]: POST /users/register - 400 (3ms)
2025-10-14 15:44:38 [ERROR]: Error en POST /users/login: Credenciales incorrectas
2025-10-14 15:44:38 [INFO]: POST /users/login - 500 (23ms)
2025-10-14 15:44:38 [INFO]: POST /users/logout - 200 (5ms)
2025-10-14 15:44:40 [INFO]: POST /users/register - 400 (9ms)
2025-10-14 15:44:41 [ERROR]: Error en POST /users/login: Credenciales incorrectas
2025-10-14 15:44:41 [INFO]: POST /users/login - 500 (49ms)
2025-10-14 15:44:41 [INFO]: POST /products - 401 (7ms)
2025-10-14 15:44:41 [INFO]: POST /carts - 401 (3ms)
2025-10-14 15:44:41 [INFO]: GET /carts - 401 (4ms)
2025-10-14 15:44:41 [INFO]: POST /users/register - 400 (4ms)
2025-10-14 15:44:41 [ERROR]: Error en POST /users/login: Credenciales incorrectas
2025-10-14 15:44:41 [INFO]: POST /users/login - 500 (28ms)
2025-10-14 15:44:41 [INFO]: POST /products - 401 (4ms)
2025-10-14 15:44:41 [INFO]: POST /carts - 401 (8ms)
2025-10-14 15:44:41 [INFO]: POST /carts/undefined/products/undefined - 404 (9ms)
2025-10-14 15:44:41 [INFO]: POST /users/register - 400 (6ms)
2025-10-14 15:44:41 [ERROR]: Error en POST /users/login: Credenciales incorrectas
2025-10-14 15:44:41 [INFO]: POST /users/login - 500 (67ms)
2025-10-14 15:44:41 [INFO]: POST /products - 401 (6ms)
2025-10-14 15:44:41 [INFO]: POST /carts - 401 (7ms)
2025-10-14 15:44:41 [INFO]: PUT /carts/undefined/products/undefined - 401 (12ms)
2025-10-14 15:44:41 [INFO]: POST /users/register - 400 (6ms)
2025-10-14 15:44:41 [ERROR]: Error en POST /users/login: Credenciales incorrectas
2025-10-14 15:44:42 [INFO]: POST /users/login - 500 (84ms)
2025-10-14 15:44:42 [INFO]: POST /products - 401 (8ms)
2025-10-14 15:44:42 [INFO]: POST /carts - 401 (8ms)
2025-10-14 15:44:42 [INFO]: DELETE /carts/undefined/products/undefined - 401 (9ms)
2025-10-14 15:44:42 [INFO]: POST /users/register - 400 (6ms)
2025-10-14 15:44:42 [ERROR]: Error en POST /users/login: Credenciales incorrectas
2025-10-14 15:44:42 [INFO]: POST /users/login - 500 (40ms)
2025-10-14 15:44:42 [INFO]: POST /products - 401 (8ms)
2025-10-14 15:44:42 [INFO]: POST /carts - 401 (5ms)
2025-10-14 15:44:42 [INFO]: DELETE /carts/clear/undefined - 401 (4ms)
2025-10-14 15:44:45 [INFO]: POST /users/register - 400 (10ms)
2025-10-14 15:44:45 [ERROR]: Error en POST /users/login: Credenciales incorrectas
2025-10-14 15:44:45 [INFO]: POST /users/login - 500 (44ms)
2025-10-14 15:44:45 [INFO]: POST /products - 401 (6ms)
2025-10-14 15:44:45 [INFO]: POST /users/register - 400 (5ms)
2025-10-14 15:44:45 [ERROR]: Error en POST /users/login: Credenciales incorrectas
2025-10-14 15:44:45 [INFO]: POST /users/login - 500 (27ms)
2025-10-14 15:44:45 [INFO]: GET /products - 401 (6ms)
2025-10-14 15:44:52 [INFO]: GET / - 200 (11ms)
2025-10-14 15:44:55 [INFO]: POST /users/register - 400 (13ms)
2025-10-14 15:44:55 [ERROR]: Error en POST /users/login: Credenciales incorrectas
2025-10-14 15:44:55 [INFO]: POST /users/login - 500 (38ms)
2025-10-14 15:44:55 [INFO]: POST /ticket/purchase - 401 (5ms)
2025-10-14 16:02:42 [INFO]: POST /users/register - 400 (16ms)
2025-10-14 16:02:42 [INFO]: POST /users/register - 400 (3ms)
2025-10-14 16:02:42 [ERROR]: Error en POST /users/login: Credenciales incorrectas
2025-10-14 16:02:42 [INFO]: POST /users/login - 500 (43ms)
2025-10-14 16:02:42 [INFO]: POST /users/register - 400 (2ms)
2025-10-14 16:02:42 [ERROR]: Error en POST /users/login: Credenciales incorrectas
2025-10-14 16:02:42 [INFO]: POST /users/login - 500 (14ms)
2025-10-14 16:02:42 [INFO]: GET /users/profile - 401 (3ms)
2025-10-14 16:02:43 [INFO]: POST /users/register - 400 (5ms)
2025-10-14 16:02:43 [ERROR]: Error en POST /users/login: Credenciales incorrectas
2025-10-14 16:02:43 [INFO]: POST /users/login - 500 (17ms)
2025-10-14 16:02:43 [INFO]: POST /users/refresh - 401 (3ms)
2025-10-14 16:02:43 [INFO]: POST /users/register - 400 (1ms)
2025-10-14 16:02:43 [ERROR]: Error en POST /users/login: Credenciales incorrectas
2025-10-14 16:02:43 [INFO]: POST /users/login - 500 (12ms)
2025-10-14 16:02:43 [INFO]: POST /users/logout - 200 (3ms)
2025-10-14 16:02:45 [INFO]: POST /users/register - 400 (12ms)
2025-10-14 16:02:45 [ERROR]: Error en POST /users/login: Credenciales incorrectas
2025-10-14 16:02:45 [INFO]: POST /users/login - 500 (92ms)
2025-10-14 16:02:45 [INFO]: POST /products - 401 (11ms)
2025-10-14 16:02:45 [INFO]: POST /carts - 401 (7ms)
2025-10-14 16:02:45 [INFO]: GET /carts - 401 (6ms)
2025-10-14 16:02:45 [INFO]: POST /users/register - 400 (3ms)
2025-10-14 16:02:45 [ERROR]: Error en POST /users/login: Credenciales incorrectas
2025-10-14 16:02:45 [INFO]: POST /users/login - 500 (24ms)
2025-10-14 16:02:45 [INFO]: POST /products - 401 (4ms)
2025-10-14 16:02:45 [INFO]: POST /carts - 401 (4ms)
2025-10-14 16:02:45 [INFO]: POST /carts/undefined/products/undefined - 404 (5ms)
2025-10-14 16:02:45 [INFO]: POST /users/register - 400 (4ms)
2025-10-14 16:02:45 [ERROR]: Error en POST /users/login: Credenciales incorrectas
2025-10-14 16:02:45 [INFO]: POST /users/login - 500 (27ms)
2025-10-14 16:02:45 [INFO]: POST /products - 401 (3ms)
2025-10-14 16:02:45 [INFO]: POST /carts - 401 (5ms)
2025-10-14 16:02:45 [INFO]: PUT /carts/undefined/products/undefined - 401 (4ms)
2025-10-14 16:02:46 [INFO]: POST /users/register - 400 (4ms)
2025-10-14 16:02:46 [ERROR]: Error en POST /users/login: Credenciales incorrectas
2025-10-14 16:02:46 [INFO]: POST /users/login - 500 (27ms)
2025-10-14 16:02:46 [INFO]: POST /products - 401 (3ms)
2025-10-14 16:02:46 [INFO]: POST /carts - 401 (5ms)
2025-10-14 16:02:46 [INFO]: DELETE /carts/undefined/products/undefined - 401 (5ms)
2025-10-14 16:02:46 [INFO]: POST /users/register - 400 (4ms)
2025-10-14 16:02:46 [ERROR]: Error en POST /users/login: Credenciales incorrectas
2025-10-14 16:02:46 [INFO]: POST /users/login - 500 (26ms)
2025-10-14 16:02:46 [INFO]: POST /products - 401 (4ms)
2025-10-14 16:02:46 [INFO]: POST /carts - 401 (5ms)
2025-10-14 16:02:46 [INFO]: DELETE /carts/clear/undefined - 401 (4ms)
2025-10-14 16:02:51 [INFO]: GET / - 200 (12ms)
2025-10-14 16:02:53 [INFO]: POST /users/register - 400 (9ms)
2025-10-14 16:02:53 [ERROR]: Error en POST /users/login: Credenciales incorrectas
2025-10-14 16:02:53 [INFO]: POST /users/login - 500 (43ms)
2025-10-14 16:02:53 [INFO]: POST /products - 401 (3ms)
2025-10-14 16:02:53 [INFO]: POST /users/register - 400 (3ms)
2025-10-14 16:02:54 [ERROR]: Error en POST /users/login: Credenciales incorrectas
2025-10-14 16:02:54 [INFO]: POST /users/login - 500 (20ms)
2025-10-14 16:02:54 [INFO]: GET /products - 401 (3ms)
2025-10-14 16:02:55 [INFO]: POST /users/register - 400 (7ms)
2025-10-14 16:02:55 [ERROR]: Error en POST /users/login: Credenciales incorrectas
2025-10-14 16:02:55 [INFO]: POST /users/login - 500 (41ms)
2025-10-14 16:02:55 [INFO]: POST /ticket/purchase - 401 (3ms)
2025-10-15 09:46:53 [INFO]: 🆕 Usuario registrado: test@example.com
2025-10-15 09:46:55 [INFO]: POST /users/register - 201 (2158ms)
2025-10-15 09:47:59 [INFO]: 🆕 Usuario registrado: ignaalcaniz@gmail.com
2025-10-15 09:47:59 [INFO]: POST /users/register - 201 (161ms)
2025-10-15 09:48:46 [INFO]: POST /users/login - 200 (380ms)
2025-10-15 09:49:15 [INFO]: Producto 68dc270a3f805b78b5e7781f agregado al carrito [object Object]
2025-10-15 09:49:15 [INFO]: POST /carts/products/68dc270a3f805b78b5e7781f - 200 (149ms)
2025-10-15 09:49:15 [INFO]: Producto 68dc270a3f805b78b5e7781f agregado al carrito [object Object]
2025-10-15 09:49:15 [INFO]: POST /carts/products/68dc270a3f805b78b5e7781f - 200 (54ms)
2025-10-15 09:49:16 [INFO]: Producto 68dc270a3f805b78b5e7781f agregado al carrito [object Object]
2025-10-15 09:49:16 [INFO]: POST /carts/products/68dc270a3f805b78b5e7781f - 200 (36ms)
2025-10-15 09:49:16 [INFO]: Producto 68dc270a3f805b78b5e7781f agregado al carrito [object Object]
2025-10-15 09:49:16 [INFO]: POST /carts/products/68dc270a3f805b78b5e7781f - 200 (53ms)
2025-10-15 09:49:22 [INFO]: 🎟️ Ticket generado para ignaalcaniz@gmail.com
2025-10-15 09:49:22 [INFO]: POST /ticket/purchase - 201 (648ms)
2025-10-15 09:50:59 [INFO]: POST /users/register - 400 (17ms)
2025-10-15 09:50:59 [INFO]: POST /users/register - 400 (6ms)
2025-10-15 09:50:59 [ERROR]: Error en POST /users/login: Credenciales incorrectas
2025-10-15 09:50:59 [INFO]: POST /users/login - 500 (56ms)
2025-10-15 09:50:59 [INFO]: POST /users/register - 400 (3ms)
2025-10-15 09:50:59 [ERROR]: Error en POST /users/login: Credenciales incorrectas
2025-10-15 09:50:59 [INFO]: POST /users/login - 500 (21ms)
2025-10-15 09:50:59 [INFO]: GET /users/profile - 401 (5ms)
2025-10-15 09:50:59 [INFO]: POST /users/register - 400 (2ms)
2025-10-15 09:50:59 [ERROR]: Error en POST /users/login: Credenciales incorrectas
2025-10-15 09:50:59 [INFO]: POST /users/login - 500 (15ms)
2025-10-15 09:51:00 [INFO]: POST /users/refresh - 401 (8ms)
2025-10-15 09:51:00 [INFO]: POST /users/register - 400 (2ms)
2025-10-15 09:51:00 [ERROR]: Error en POST /users/login: Credenciales incorrectas
2025-10-15 09:51:00 [INFO]: POST /users/login - 500 (15ms)
2025-10-15 09:51:00 [INFO]: POST /users/logout - 200 (4ms)
2025-10-15 09:51:02 [INFO]: POST /users/register - 400 (6ms)
2025-10-15 09:51:02 [ERROR]: Error en POST /users/login: Credenciales incorrectas
2025-10-15 09:51:02 [INFO]: POST /users/login - 500 (29ms)
2025-10-15 09:51:02 [INFO]: POST /products - 401 (2ms)
2025-10-15 09:51:02 [INFO]: POST /carts - 401 (2ms)
2025-10-15 09:51:02 [INFO]: GET /carts - 401 (3ms)
2025-10-15 09:51:02 [INFO]: POST /users/register - 400 (1ms)
2025-10-15 09:51:02 [ERROR]: Error en POST /users/login: Credenciales incorrectas
2025-10-15 09:51:02 [INFO]: POST /users/login - 500 (12ms)
2025-10-15 09:51:02 [INFO]: POST /products - 401 (4ms)
2025-10-15 09:51:02 [INFO]: POST /carts - 401 (2ms)
2025-10-15 09:51:02 [INFO]: POST /carts/undefined/products/undefined - 404 (3ms)
2025-10-15 09:51:02 [INFO]: POST /users/register - 400 (2ms)
2025-10-15 09:51:02 [ERROR]: Error en POST /users/login: Credenciales incorrectas
2025-10-15 09:51:02 [INFO]: POST /users/login - 500 (13ms)
2025-10-15 09:51:02 [INFO]: POST /products - 401 (2ms)
2025-10-15 09:51:02 [INFO]: POST /carts - 401 (1ms)
2025-10-15 09:51:02 [INFO]: PUT /carts/undefined/products/undefined - 401 (2ms)
2025-10-15 09:51:02 [INFO]: POST /users/register - 400 (2ms)
2025-10-15 09:51:02 [ERROR]: Error en POST /users/login: Credenciales incorrectas
2025-10-15 09:51:02 [INFO]: POST /users/login - 500 (12ms)
2025-10-15 09:51:02 [INFO]: POST /products - 401 (1ms)
2025-10-15 09:51:02 [INFO]: POST /carts - 401 (2ms)
2025-10-15 09:51:02 [INFO]: DELETE /carts/undefined/products/undefined - 401 (2ms)
2025-10-15 09:51:02 [INFO]: POST /users/register - 400 (4ms)
2025-10-15 09:51:02 [ERROR]: Error en POST /users/login: Credenciales incorrectas
2025-10-15 09:51:02 [INFO]: POST /users/login - 500 (17ms)
2025-10-15 09:51:02 [INFO]: POST /products - 401 (3ms)
2025-10-15 09:51:02 [INFO]: POST /carts - 401 (3ms)
2025-10-15 09:51:02 [INFO]: DELETE /carts/clear/undefined - 401 (3ms)
2025-10-15 09:51:04 [INFO]: GET / - 200 (3ms)
2025-10-15 09:51:09 [INFO]: POST /users/register - 400 (6ms)
2025-10-15 09:51:09 [ERROR]: Error en POST /users/login: Credenciales incorrectas
2025-10-15 09:51:09 [INFO]: POST /users/login - 500 (40ms)
2025-10-15 09:51:09 [INFO]: POST /products - 401 (2ms)
2025-10-15 09:51:09 [INFO]: POST /users/register - 400 (3ms)
2025-10-15 09:51:09 [ERROR]: Error en POST /users/login: Credenciales incorrectas
2025-10-15 09:51:09 [INFO]: POST /users/login - 500 (17ms)
2025-10-15 09:51:09 [INFO]: GET /products - 401 (3ms)
2025-10-15 09:51:11 [INFO]: POST /users/register - 400 (9ms)
2025-10-15 09:51:11 [ERROR]: Error en POST /users/login: Credenciales incorrectas
2025-10-15 09:51:11 [INFO]: POST /users/login - 500 (40ms)
2025-10-15 09:51:11 [INFO]: POST /ticket/purchase - 401 (4ms)
2025-10-15 14:49:55 [INFO]: 🆕 Usuario registrado: ignaalcaniz@gmail.com
2025-10-15 14:49:57 [INFO]: POST /users/register - 201 (2554ms)
2025-10-15 16:21:22 [INFO]: 🆕 Usuario registrado: ignaalcaniz@gmail.com
2025-10-15 16:21:22 [INFO]: POST /users/register - 201 (624ms)
2025-10-15 16:22:44 [ERROR]: ❌ Error al registrar usuario: El usuario ya existe
2025-10-15 16:22:44 [ERROR]: Error en POST /users/register: El usuario ya existe
2025-10-15 16:22:44 [INFO]: POST /users/register - 500 (54ms)
2025-10-15 16:32:35 [INFO]: POST /users/register - 400 (20ms)
2025-10-15 16:32:35 [INFO]: POST /users/register - 400 (6ms)
2025-10-15 16:32:35 [ERROR]: Error en POST /users/login: Credenciales incorrectas
2025-10-15 16:32:35 [INFO]: POST /users/login - 500 (59ms)
2025-10-15 16:32:35 [INFO]: POST /users/register - 400 (7ms)
2025-10-15 16:32:35 [ERROR]: Error en POST /users/login: Credenciales incorrectas
2025-10-15 16:32:36 [INFO]: POST /users/login - 500 (31ms)
2025-10-15 16:32:36 [INFO]: GET /users/profile - 401 (16ms)
2025-10-15 16:32:36 [INFO]: POST /users/register - 400 (3ms)
2025-10-15 16:32:36 [ERROR]: Error en POST /users/login: Credenciales incorrectas
2025-10-15 16:32:36 [INFO]: POST /users/login - 500 (38ms)
2025-10-15 16:32:36 [INFO]: POST /users/refresh - 401 (6ms)
2025-10-15 16:32:36 [INFO]: POST /users/register - 400 (6ms)
2025-10-15 16:32:36 [ERROR]: Error en POST /users/login: Credenciales incorrectas
2025-10-15 16:32:36 [INFO]: POST /users/login - 500 (24ms)
2025-10-15 16:32:36 [INFO]: POST /users/logout - 200 (11ms)
2025-10-15 16:32:46 [INFO]: POST /users/register - 400 (15ms)
2025-10-15 16:32:46 [ERROR]: Error en POST /users/login: Credenciales incorrectas
2025-10-15 16:32:46 [INFO]: POST /users/login - 500 (58ms)
2025-10-15 16:32:46 [INFO]: POST /products - 401 (10ms)
2025-10-15 16:32:46 [INFO]: POST /carts - 401 (8ms)
2025-10-15 16:32:46 [INFO]: GET /carts - 401 (5ms)
2025-10-15 16:32:46 [INFO]: POST /users/register - 400 (6ms)
2025-10-15 16:32:46 [ERROR]: Error en POST /users/login: Credenciales incorrectas
2025-10-15 16:32:46 [INFO]: POST /users/login - 500 (37ms)
2025-10-15 16:32:46 [INFO]: POST /products - 401 (7ms)
2025-10-15 16:32:46 [INFO]: POST /carts - 401 (10ms)
2025-10-15 16:32:46 [INFO]: POST /carts/undefined/products/undefined - 404 (6ms)
2025-10-15 16:32:46 [INFO]: POST /users/register - 400 (8ms)
2025-10-15 16:32:46 [ERROR]: Error en POST /users/login: Credenciales incorrectas
2025-10-15 16:32:46 [INFO]: POST /users/login - 500 (37ms)
2025-10-15 16:32:46 [INFO]: POST /products - 401 (8ms)
2025-10-15 16:32:46 [INFO]: POST /carts - 401 (7ms)
2025-10-15 16:32:47 [INFO]: PUT /carts/undefined/products/undefined - 401 (8ms)
2025-10-15 16:32:47 [INFO]: POST /users/register - 400 (4ms)
2025-10-15 16:32:47 [ERROR]: Error en POST /users/login: Credenciales incorrectas
2025-10-15 16:32:47 [INFO]: POST /users/login - 500 (23ms)
2025-10-15 16:32:47 [INFO]: POST /products - 401 (5ms)
2025-10-15 16:32:47 [INFO]: POST /carts - 401 (5ms)
2025-10-15 16:32:47 [INFO]: DELETE /carts/undefined/products/undefined - 401 (6ms)
2025-10-15 16:32:47 [INFO]: POST /users/register - 400 (9ms)
2025-10-15 16:32:47 [ERROR]: Error en POST /users/login: Credenciales incorrectas
2025-10-15 16:32:47 [INFO]: POST /users/login - 500 (43ms)
2025-10-15 16:32:47 [INFO]: POST /products - 401 (6ms)
2025-10-15 16:32:47 [INFO]: POST /carts - 401 (7ms)
2025-10-15 16:32:47 [INFO]: DELETE /carts/clear/undefined - 401 (8ms)
2025-10-15 16:32:52 [INFO]: POST /users/register - 400 (14ms)
2025-10-15 16:32:52 [ERROR]: Error en POST /users/login: Credenciales incorrectas
2025-10-15 16:32:52 [INFO]: POST /users/login - 500 (46ms)
2025-10-15 16:32:52 [INFO]: POST /products - 401 (3ms)
2025-10-15 16:32:53 [INFO]: POST /users/register - 400 (12ms)
2025-10-15 16:32:53 [ERROR]: Error en POST /users/login: Credenciales incorrectas
2025-10-15 16:32:53 [INFO]: POST /users/login - 500 (20ms)
2025-10-15 16:32:53 [INFO]: GET /products - 401 (13ms)
2025-10-15 16:32:57 [INFO]: POST /users/register - 400 (25ms)
2025-10-15 16:32:57 [ERROR]: Error en POST /users/login: Credenciales incorrectas
2025-10-15 16:32:57 [INFO]: POST /users/login - 500 (52ms)
2025-10-15 16:32:57 [INFO]: POST /ticket/purchase - 401 (7ms)
2025-10-15 16:33:07 [INFO]: GET / - 200 (12ms)
2025-10-15 17:49:56 [INFO]: 🆕 Usuario registrado: ignaalcaniz@gmail.com
2025-10-15 17:49:56 [INFO]: POST /users/register - 201 (1012ms)
2025-10-15 17:50:22 [INFO]: POST /users/login - 200 (126ms)
2025-10-15 17:50:45 [INFO]: Producto 68dc270a3f805b78b5e7781f agregado al carrito [object Object]
2025-10-15 17:50:45 [INFO]: POST /carts/products/68dc270a3f805b78b5e7781f - 200 (107ms)
2025-10-15 17:50:45 [INFO]: Producto 68dc270a3f805b78b5e7781f agregado al carrito [object Object]
2025-10-15 17:50:45 [INFO]: POST /carts/products/68dc270a3f805b78b5e7781f - 200 (50ms)
2025-10-15 17:50:50 [INFO]: 🎟️ Ticket generado para ignaalcaniz@gmail.com
2025-10-15 17:50:50 [INFO]: POST /ticket/purchase - 201 (826ms)
2025-10-15 20:51:16 [INFO]: 🆕 Usuario registrado: ignaalcaniz@gmail.com
2025-10-15 20:51:18 [INFO]: POST /users/register - 201 (2159ms)
2025-10-15 20:53:03 [INFO]: POST /users/login - 200 (148ms)
2025-10-15 20:53:22 [INFO]: Producto 68dc270a3f805b78b5e7781f agregado al carrito [object Object]
2025-10-15 20:53:22 [INFO]: POST /carts/products/68dc270a3f805b78b5e7781f - 200 (243ms)
2025-10-15 20:53:31 [INFO]: 🎟️ Ticket generado para ignaalcaniz@gmail.com
2025-10-15 20:53:31 [INFO]: POST /ticket/purchase - 201 (855ms)
2025-10-15 20:54:08 [INFO]: Producto 68dc270a3f805b78b5e7781f agregado al carrito [object Object]
2025-10-15 20:54:08 [INFO]: POST /carts/products/68dc270a3f805b78b5e7781f - 200 (55ms)
2025-10-15 20:54:34 [ERROR]: Error al agregar producto al carrito: Carrito no encontrado
2025-10-15 20:54:34 [ERROR]: Error en POST /carts/products/68dc270a3f805b78b5e7781f: Carrito no encontrado
2025-10-15 20:54:34 [INFO]: POST /carts/products/68dc270a3f805b78b5e7781f - 500 (36ms)
2025-10-15 20:55:43 [INFO]: POST /users/login - 200 (176ms)
2025-10-15 20:56:45 [INFO]: 🆕 Usuario registrado: ignaalcaniz@gmail.com
2025-10-15 20:56:45 [INFO]: POST /users/register - 201 (486ms)
2025-10-15 20:56:57 [INFO]: POST /users/login - 200 (62ms)
2025-10-15 20:57:18 [INFO]: Producto 68dc270a3f805b78b5e7781f agregado al carrito [object Object]
2025-10-15 20:57:18 [INFO]: POST /carts/products/68dc270a3f805b78b5e7781f - 200 (14ms)
2025-10-15 20:58:24 [INFO]: 🎟️ Ticket generado para ignaalcaniz@gmail.com
2025-10-15 20:58:24 [INFO]: POST /ticket/purchase - 201 (811ms)
2025-10-15 20:59:04 [INFO]: Producto 68dc270a3f805b78b5e7781f agregado al carrito [object Object]
2025-10-15 20:59:04 [INFO]: POST /carts/products/68dc270a3f805b78b5e7781f - 200 (19ms)
2025-10-15 20:59:04 [INFO]: Producto 68dc270a3f805b78b5e7781f agregado al carrito [object Object]
2025-10-15 20:59:04 [INFO]: POST /carts/products/68dc270a3f805b78b5e7781f - 200 (16ms)
2025-10-15 20:59:05 [INFO]: Producto 68dc270a3f805b78b5e7781f agregado al carrito [object Object]
2025-10-15 20:59:05 [INFO]: POST /carts/products/68dc270a3f805b78b5e7781f - 200 (16ms)
2025-10-15 21:00:35 [INFO]: 🎟️ Ticket generado para ignaalcaniz@gmail.com
2025-10-15 21:00:35 [INFO]: POST /ticket/purchase - 201 (748ms)
2025-10-16 19:22:27 [INFO]: POST /users/login - 200 (180ms)
2025-10-17 09:46:31 [INFO]: 🆕 Usuario registrado: ignaalcaniz@gmail.com
2025-10-17 09:46:33 [INFO]: POST /users/register - 201 (2066ms)
2025-10-17 09:51:01 [INFO]: POST /users/login - 200 (432ms)
2025-10-17 09:51:24 [INFO]: Producto 68dc270a3f805b78b5e7781f agregado al carrito [object Object]
2025-10-17 09:51:24 [INFO]: POST /carts/products/68dc270a3f805b78b5e7781f - 200 (122ms)
2025-10-17 09:51:25 [INFO]: Producto 68dc270a3f805b78b5e7781f agregado al carrito [object Object]
2025-10-17 09:51:25 [INFO]: POST /carts/products/68dc270a3f805b78b5e7781f - 200 (52ms)
2025-10-17 09:51:35 [ERROR]: ❌ Error al generar ticket: image is not defined
2025-10-17 09:51:35 [ERROR]: ❌ image is not defined
2025-10-17 09:51:35 [INFO]: POST /ticket/purchase - 500 (181ms)
2025-10-17 09:52:05 [INFO]: Producto 68dc270a3f805b78b5e7781f agregado al carrito [object Object]
2025-10-17 09:52:05 [INFO]: POST /carts/products/68dc270a3f805b78b5e7781f - 200 (45ms)
2025-10-17 09:52:16 [INFO]: 🎟️ Ticket generado para ignaalcaniz@gmail.com
2025-10-17 09:52:16 [INFO]: POST /ticket/purchase - 201 (1137ms)
2025-10-17 13:28:28 [INFO]: 🆕 Usuario registrado: ignaalcaniz@gmail.com
2025-10-17 13:28:29 [INFO]: POST /users/register - 201 (1385ms)
2025-10-17 13:28:57 [INFO]: POST /users/login - 200 (168ms)
2025-10-17 13:29:19 [INFO]: Producto 68dc270a3f805b78b5e7781f agregado al carrito [object Object]
2025-10-17 13:29:19 [INFO]: POST /carts/products/68dc270a3f805b78b5e7781f - 200 (95ms)
2025-10-17 13:29:20 [INFO]: Producto 68dc270a3f805b78b5e7781f agregado al carrito [object Object]
2025-10-17 13:29:20 [INFO]: POST /carts/products/68dc270a3f805b78b5e7781f - 200 (57ms)
2025-10-17 13:29:28 [INFO]: 🎟️ Ticket generado para ignaalcaniz@gmail.com
2025-10-17 13:29:28 [INFO]: POST /ticket/purchase - 201 (1187ms)
2025-10-17 14:41:38 [INFO]: POST /users/login - 200 (129ms)
2025-10-17 14:42:05 [INFO]: Producto 68dc270a3f805b78b5e7781f agregado al carrito [object Object]
2025-10-17 14:42:05 [INFO]: POST /carts/products/68dc270a3f805b78b5e7781f - 200 (54ms)
2025-10-17 14:42:07 [INFO]: Producto 68dc270a3f805b78b5e7781f agregado al carrito [object Object]
2025-10-17 14:42:07 [INFO]: POST /carts/products/68dc270a3f805b78b5e7781f - 200 (52ms)
2025-10-17 14:42:15 [INFO]: 🎟️ Ticket generado para ignaalcaniz@gmail.com
2025-10-17 14:42:15 [INFO]: POST /ticket/purchase - 201 (2396ms)
2025-10-17 16:40:27 [INFO]: POST /users/login - 200 (235ms)
2025-10-17 16:54:15 [INFO]: POST /users/refresh - 200 (43ms)
2025-10-17 16:54:49 [INFO]: POST /users/logout - 200 (10ms)
2025-10-29 18:36:51 [INFO]: GET /api/docs/ - 304 (15ms)
2025-10-29 18:36:52 [INFO]: GET /api/docs/swagger-ui.css - 200 (47ms)
2025-10-29 18:36:52 [INFO]: GET /api/docs/swagger-ui-standalone-preset.js - 200 (76ms)
2025-10-29 18:36:52 [INFO]: GET /api/docs/swagger-ui-init.js - 200 (6ms)
2025-10-29 18:36:52 [INFO]: GET /api/docs/swagger-ui-bundle.js - 200 (228ms)
2025-10-30 14:06:34 [INFO]: GET /api/docs/ - 200 (60ms)
2025-10-30 14:06:34 [INFO]: GET /api/docs/swagger-ui.css - 200 (52ms)
2025-10-30 14:06:34 [INFO]: GET /api/docs/swagger-ui-standalone-preset.js - 200 (54ms)
2025-10-30 14:06:34 [INFO]: GET /api/docs/swagger-ui-init.js - 200 (21ms)
2025-10-30 14:06:34 [INFO]: GET /api/docs/swagger-ui-bundle.js - 200 (205ms)
2025-10-30 14:24:36 [INFO]: GET /api/docs/ - 200 (11ms)
2025-10-30 14:24:37 [INFO]: GET /api/docs/swagger-ui.css - 200 (17ms)
2025-10-30 14:24:37 [INFO]: GET /api/docs/swagger-ui-standalone-preset.js - 200 (35ms)
2025-10-30 14:24:37 [INFO]: GET /api/docs/swagger-ui-init.js - 200 (4ms)
2025-10-30 14:24:37 [INFO]: GET /api/docs/swagger-ui-bundle.js - 200 (104ms)
2025-10-30 14:31:53 [INFO]: POST /users/register - 400 (3ms)
2025-10-30 15:31:25 [INFO]: GET /api/docs/ - 200 (27ms)
2025-10-30 15:31:25 [INFO]: GET /api/docs/swagger-ui.css - 200 (54ms)
2025-10-30 15:31:25 [INFO]: GET /api/docs/swagger-ui-standalone-preset.js - 200 (46ms)
2025-10-30 15:31:25 [INFO]: GET /api/docs/swagger-ui-init.js - 200 (3ms)
2025-10-30 15:31:25 [INFO]: GET /api/docs/swagger-ui-bundle.js - 200 (160ms)
2025-10-30 15:31:26 [INFO]: GET /api/docs/favicon-32x32.png - 304 (6ms)
2025-10-30 16:15:48 [INFO]: POST /users/register - 403 (363ms)
2025-10-30 16:31:57 [INFO]: POST /users/register - 403 (311ms)
2025-10-30 16:37:26 [INFO]: POST /users/register - 403 (164ms)
2025-10-30 16:38:41 [INFO]: GET /api/docs/ - 200 (19ms)
2025-10-30 16:38:42 [INFO]: GET /api/docs/swagger-ui.css - 200 (18ms)
2025-10-30 16:38:42 [INFO]: GET /api/docs/swagger-ui-standalone-preset.js - 200 (13ms)
2025-10-30 16:38:42 [INFO]: GET /api/docs/swagger-ui-init.js - 200 (3ms)
2025-10-30 16:38:42 [INFO]: GET /api/docs/swagger-ui-bundle.js - 200 (71ms)
2025-10-30 16:39:52 [INFO]: POST /users/register - 403 (249ms)
2025-10-30 16:57:45 [INFO]: POST /users/register - 403 (176ms)
2025-10-30 19:04:40 [INFO]: GET /api/docs/ - 200 (24ms)
2025-10-30 19:04:40 [INFO]: GET /api/docs/swagger-ui.css - 200 (13ms)
2025-10-30 19:04:41 [INFO]: GET /api/docs/swagger-ui-standalone-preset.js - 200 (13ms)
2025-10-30 19:04:41 [INFO]: GET /api/docs/swagger-ui-init.js - 200 (3ms)
2025-10-30 19:04:41 [INFO]: GET /api/docs/swagger-ui-bundle.js - 200 (68ms)
2025-10-30 19:04:57 [INFO]: POST /users/register - 400 (9ms)
2025-10-30 19:05:17 [INFO]: POST /users/register - 201 (918ms)
2025-10-30 19:06:05 [ERROR]: ❌ Credenciales incorrectas
2025-10-30 19:06:05 [INFO]: POST /users/login - 401 (86ms)
2025-10-30 19:06:57 [INFO]: POST /users/login - 400 (1ms)
2025-10-30 19:11:47 [ERROR]: ❌ Credenciales incorrectas
2025-10-30 19:11:47 [INFO]: POST /users/login - 401 (93ms)
2025-10-30 19:28:50 [INFO]: GET /api/docs/ - 200 (10ms)
2025-10-30 19:28:50 [INFO]: GET /api/docs/swagger-ui.css - 200 (18ms)
2025-10-30 19:28:50 [INFO]: GET /api/docs/swagger-ui-standalone-preset.js - 200 (14ms)
2025-10-30 19:28:50 [INFO]: GET /api/docs/swagger-ui-init.js - 200 (4ms)
2025-10-30 19:28:50 [INFO]: GET /api/docs/swagger-ui-bundle.js - 200 (95ms)
2025-10-30 19:29:06 [INFO]: POST /users/register - 201 (1714ms)
2025-10-30 19:29:30 [ERROR]: ❌ Credenciales incorrectas
2025-10-30 19:29:30 [INFO]: POST /users/login - 401 (152ms)
2025-10-30 19:37:27 [INFO]: GET /api/docs/ - 200 (15ms)
2025-10-30 19:37:27 [INFO]: GET /api/docs/swagger-ui.css - 200 (15ms)
2025-10-30 19:37:27 [INFO]: GET /api/docs/swagger-ui-standalone-preset.js - 200 (10ms)
2025-10-30 19:37:27 [INFO]: GET /api/docs/swagger-ui-init.js - 200 (3ms)
2025-10-30 19:37:27 [INFO]: GET /api/docs/swagger-ui-bundle.js - 200 (56ms)
2025-10-30 19:37:43 [INFO]: POST /users/register - 400 (10ms)
2025-10-30 19:38:08 [ERROR]: ❌ El usuario ya existe
2025-10-30 19:38:08 [INFO]: POST /users/register - 404 (39ms)
2025-10-30 19:38:41 [INFO]: GET /api/docs/ - 200 (10ms)
2025-10-30 19:38:41 [INFO]: GET /api/docs/swagger-ui.css - 200 (14ms)
2025-10-30 19:38:41 [INFO]: GET /api/docs/swagger-ui-standalone-preset.js - 200 (10ms)
2025-10-30 19:38:41 [INFO]: GET /api/docs/swagger-ui-init.js - 200 (3ms)
2025-10-30 19:38:41 [INFO]: GET /api/docs/swagger-ui-bundle.js - 200 (63ms)
2025-10-30 19:39:00 [INFO]: POST /users/register - 201 (1590ms)
2025-10-30 19:39:23 [ERROR]: ❌ Credenciales incorrectas
2025-10-30 19:39:23 [INFO]: POST /users/login - 401 (87ms)
2025-10-30 19:50:20 [INFO]: GET /api/docs/ - 200 (13ms)
2025-10-30 19:50:20 [INFO]: GET /api/docs/swagger-ui.css - 200 (12ms)
2025-10-30 19:50:20 [INFO]: GET /api/docs/swagger-ui-standalone-preset.js - 200 (11ms)
2025-10-30 19:50:20 [INFO]: GET /api/docs/swagger-ui-init.js - 200 (4ms)
2025-10-30 19:50:20 [INFO]: GET /api/docs/swagger-ui-bundle.js - 200 (53ms)
2025-10-30 19:50:47 [ERROR]: ❌ Credenciales incorrectas
2025-10-30 19:50:47 [INFO]: POST /users/login - 401 (159ms)
2025-10-30 19:51:15 [INFO]: GET /api/docs/ - 200 (9ms)
2025-10-30 19:51:15 [INFO]: GET /api/docs/swagger-ui.css - 200 (10ms)
2025-10-30 19:51:15 [INFO]: GET /api/docs/swagger-ui-bundle.js - 200 (82ms)
2025-10-30 19:51:15 [INFO]: GET /api/docs/swagger-ui-standalone-preset.js - 200 (30ms)
2025-10-30 19:51:15 [INFO]: GET /api/docs/swagger-ui-init.js - 200 (14ms)
2025-10-30 19:51:15 [INFO]: GET /api/docs/favicon-32x32.png - 200 (6ms)
2025-10-30 19:51:27 [INFO]: POST /users/register - 201 (1195ms)
2025-10-30 19:51:54 [ERROR]: ❌ Credenciales incorrectas
2025-10-30 19:51:54 [INFO]: POST /users/login - 401 (117ms)
2025-10-30 19:56:15 [INFO]: GET /api/docs/ - 200 (32ms)
2025-10-30 19:56:15 [INFO]: GET /api/docs/swagger-ui.css - 200 (18ms)
2025-10-30 19:56:15 [INFO]: GET /api/docs/swagger-ui-standalone-preset.js - 200 (22ms)
2025-10-30 19:56:15 [INFO]: GET /api/docs/swagger-ui-init.js - 200 (8ms)
2025-10-30 19:56:15 [INFO]: GET /api/docs/swagger-ui-bundle.js - 200 (88ms)
2025-10-30 19:56:29 [ERROR]: ❌ Credenciales incorrectas
2025-10-30 19:56:29 [INFO]: POST /users/login - 401 (220ms)
2025-10-30 20:04:15 [INFO]: GET /api/docs/ - 200 (6ms)
2025-10-30 20:04:15 [INFO]: GET /api/docs/swagger-ui.css - 200 (11ms)
2025-10-30 20:04:15 [INFO]: GET /api/docs/swagger-ui-standalone-preset.js - 200 (12ms)
2025-10-30 20:04:15 [INFO]: GET /api/docs/swagger-ui-init.js - 200 (2ms)
2025-10-30 20:04:15 [INFO]: GET /api/docs/swagger-ui-bundle.js - 200 (58ms)
2025-10-30 20:04:16 [INFO]: GET /api/docs/favicon-32x32.png - 200 (3ms)
2025-10-30 20:04:39 [INFO]: POST /users/register - 201 (691ms)
2025-10-30 20:04:59 [ERROR]: ❌ Credenciales incorrectas
2025-10-30 20:04:59 [INFO]: POST /users/login - 401 (142ms)
2025-10-30 20:47:06 [INFO]: GET /api/docs/ - 200 (31ms)
2025-10-30 20:47:07 [INFO]: GET /api/docs/swagger-ui.css - 200 (38ms)
2025-10-30 20:47:07 [INFO]: GET /api/docs/swagger-ui-init.js - 200 (8ms)
2025-10-30 20:47:07 [INFO]: GET /api/docs/swagger-ui-standalone-preset.js - 200 (72ms)
2025-10-30 20:47:07 [INFO]: GET /api/docs/swagger-ui-bundle.js - 200 (173ms)
2025-10-30 20:47:08 [INFO]: GET /api/docs/favicon-32x32.png - 200 (4ms)
2025-10-30 20:47:21 [ERROR]: ❌ El usuario ya existe
2025-10-30 20:47:21 [INFO]: POST /users/register - 404 (82ms)
2025-10-30 20:47:32 [INFO]: GET /api/docs/ - 200 (4ms)
2025-10-30 20:47:32 [INFO]: GET /api/docs/swagger-ui.css - 200 (18ms)
2025-10-30 20:47:32 [INFO]: GET /api/docs/swagger-ui-standalone-preset.js - 200 (31ms)
2025-10-30 20:47:32 [INFO]: GET /api/docs/swagger-ui-init.js - 200 (7ms)
2025-10-30 20:47:32 [INFO]: GET /api/docs/swagger-ui-bundle.js - 200 (135ms)
2025-10-30 20:47:33 [INFO]: GET /api/docs/favicon-32x32.png - 200 (6ms)
2025-10-30 20:47:41 [INFO]: POST /users/register - 201 (1675ms)
2025-10-30 20:48:05 [ERROR]: ❌ Credenciales incorrectas
2025-10-30 20:48:05 [INFO]: POST /users/login - 401 (158ms)
2025-10-30 21:02:20 [INFO]: GET /api/docs/ - 200 (63ms)
2025-10-30 21:02:20 [INFO]: GET /api/docs/swagger-ui.css - 200 (22ms)
2025-10-30 21:02:20 [INFO]: GET /api/docs/swagger-ui-init.js - 200 (6ms)
2025-10-30 21:02:20 [INFO]: GET /api/docs/swagger-ui-standalone-preset.js - 200 (36ms)
2025-10-30 21:02:20 [INFO]: GET /api/docs/swagger-ui-bundle.js - 200 (128ms)
2025-10-30 21:04:18 [ERROR]: ❌ Credenciales incorrectas
2025-10-30 21:04:18 [INFO]: POST /users/login - 401 (149ms)
2025-10-30 21:06:21 [INFO]: POST /users/register - 201 (1286ms)
2025-10-30 21:06:32 [ERROR]: ❌ Credenciales incorrectas
2025-10-30 21:06:32 [INFO]: POST /users/login - 401 (297ms)
2025-10-30 21:20:15 [INFO]: GET /api/docs/ - 200 (15ms)
2025-10-30 21:20:15 [INFO]: GET /api/docs/swagger-ui.css - 200 (17ms)
2025-10-30 21:20:15 [INFO]: GET /api/docs/swagger-ui-standalone-preset.js - 200 (23ms)
2025-10-30 21:20:16 [INFO]: GET /api/docs/swagger-ui-init.js - 200 (3ms)
2025-10-30 21:20:16 [INFO]: GET /api/docs/swagger-ui-bundle.js - 200 (102ms)
2025-10-30 21:20:30 [ERROR]: ❌ El usuario ya existe
2025-10-30 21:20:30 [INFO]: POST /users/register - 404 (51ms)
2025-10-30 21:20:53 [ERROR]: ❌ Credenciales incorrectas
2025-10-30 21:20:53 [INFO]: POST /users/login - 401 (244ms)
2025-10-30 21:34:38 [INFO]: GET /api/docs/ - 200 (91ms)
2025-10-30 21:34:39 [INFO]: GET /api/docs/swagger-ui.css - 200 (32ms)
2025-10-30 21:34:39 [INFO]: GET /api/docs/swagger-ui-init.js - 200 (5ms)
2025-10-30 21:34:39 [INFO]: GET /api/docs/swagger-ui-standalone-preset.js - 200 (37ms)
2025-10-30 21:34:39 [INFO]: GET /api/docs/swagger-ui-bundle.js - 200 (115ms)
2025-10-30 21:34:50 [INFO]: POST /users/register - 201 (1507ms)
2025-10-30 21:36:19 [ERROR]: ❌ Credenciales incorrectas
2025-10-30 21:36:19 [INFO]: POST /users/login - 401 (275ms)
2025-10-30 21:51:43 [INFO]: GET /api/docs/ - 200 (20ms)
2025-10-30 21:51:43 [INFO]: GET /api/docs/swagger-ui.css - 200 (18ms)
2025-10-30 21:51:43 [INFO]: GET /api/docs/swagger-ui-standalone-preset.js - 200 (12ms)
2025-10-30 21:51:43 [INFO]: GET /api/docs/swagger-ui-init.js - 200 (3ms)
2025-10-30 21:51:43 [INFO]: GET /api/docs/swagger-ui-bundle.js - 200 (67ms)
2025-10-30 21:51:59 [INFO]: POST /users/register - 201 (1205ms)
2025-10-30 21:52:20 [INFO]: POST /users/login - 200 (156ms)
2025-10-30 21:53:12 [INFO]: POST /carts/products/68dc270a3f805b78b5e7781f - 401 (7ms)
2025-10-30 21:53:12 [INFO]: POST /carts/products/68dc270a3f805b78b5e7781f - 401 (6ms)
2025-10-30 21:53:13 [INFO]: POST /carts/products/68dc270a3f805b78b5e7781f - 401 (13ms)
2025-10-30 21:53:15 [INFO]: POST /carts/products/68dc270a3f805b78b5e7781f - 401 (3ms)
2025-10-30 21:53:15 [INFO]: POST /carts/products/68dc270a3f805b78b5e7781f - 401 (4ms)
2025-10-30 21:53:42 [INFO]: POST /carts/products/68dc270a3f805b78b5e7781f - 401 (2ms)
2025-10-30 21:54:22 [INFO]: POST /carts/products/68dc270a3f805b78b5e7781f - 401 (3ms)
2025-10-30 22:02:11 [INFO]: GET /api/docs/ - 200 (17ms)
2025-10-30 22:02:11 [INFO]: GET /api/docs/swagger-ui.css - 200 (31ms)
2025-10-30 22:02:11 [INFO]: GET /api/docs/swagger-ui-standalone-preset.js - 200 (36ms)
2025-10-30 22:02:11 [INFO]: GET /api/docs/swagger-ui-init.js - 200 (8ms)
2025-10-30 22:02:11 [INFO]: GET /api/docs/swagger-ui-bundle.js - 200 (155ms)
2025-10-30 22:02:12 [INFO]: GET /api/docs/favicon-32x32.png - 200 (6ms)
2025-10-30 22:02:36 [INFO]: POST /users/login - 200 (201ms)
2025-10-30 22:03:04 [INFO]: Producto 68dc270a3f805b78b5e7781f agregado al carrito {
  _id: new ObjectId('6904082e7ac7e690aff15f91'),
  products: [],
  createdAt: 2025-10-31T00:51:58.680Z,
  updatedAt: 2025-10-31T00:51:58.680Z,
  __v: 0
}
2025-10-30 22:03:04 [INFO]: POST /carts/products/68dc270a3f805b78b5e7781f - 200 (48ms)
2025-10-30 22:03:17 [INFO]: Producto 68dc270a3f805b78b5e7781f agregado al carrito {
  _id: new ObjectId('6904082e7ac7e690aff15f91'),
  products: [
    { quantity: 1, product: new ObjectId('68dc270a3f805b78b5e7781f') }
  ],
  createdAt: 2025-10-31T00:51:58.680Z,
  updatedAt: 2025-10-31T01:03:04.625Z,
  __v: 1
}
2025-10-30 22:03:17 [INFO]: POST /carts/products/68dc270a3f805b78b5e7781f - 200 (37ms)
2025-10-30 22:03:18 [INFO]: Producto 68dc270a3f805b78b5e7781f agregado al carrito {
  _id: new ObjectId('6904082e7ac7e690aff15f91'),
  products: [
    { quantity: 2, product: new ObjectId('68dc270a3f805b78b5e7781f') }
  ],
  createdAt: 2025-10-31T00:51:58.680Z,
  updatedAt: 2025-10-31T01:03:17.875Z,
  __v: 1
}
2025-10-30 22:03:18 [INFO]: POST /carts/products/68dc270a3f805b78b5e7781f - 200 (26ms)
2025-10-30 22:03:28 [ERROR]: ❌ Error al generar ticket: Carrito no encontrado
2025-10-30 22:03:28 [ERROR]: ❌ Carrito no encontrado
2025-10-30 22:03:28 [INFO]: POST /ticket/purchase - 404 (17ms)
2025-10-30 22:58:12 [INFO]: POST /ticket/purchase - 401 (10ms)
2025-10-30 22:58:30 [INFO]: GET /api/docs/ - 200 (11ms)
2025-10-30 22:58:30 [INFO]: GET /api/docs/swagger-ui.css - 200 (16ms)
2025-10-30 22:58:30 [INFO]: GET /api/docs/swagger-ui-standalone-preset.js - 200 (13ms)
2025-10-30 22:58:30 [INFO]: GET /api/docs/swagger-ui-init.js - 200 (3ms)
2025-10-30 22:58:30 [INFO]: GET /api/docs/swagger-ui-bundle.js - 200 (63ms)
2025-10-30 22:59:01 [INFO]: POST /users/login - 200 (221ms)
2025-10-30 22:59:29 [INFO]: Producto 68dc270a3f805b78b5e7781f agregado al carrito {
  _id: new ObjectId('6904082e7ac7e690aff15f91'),
  products: [
    { quantity: 3, product: new ObjectId('68dc270a3f805b78b5e7781f') }
  ],
  createdAt: 2025-10-31T00:51:58.680Z,
  updatedAt: 2025-10-31T01:03:18.612Z,
  __v: 1
}
2025-10-30 22:59:29 [INFO]: POST /carts/products/68dc270a3f805b78b5e7781f - 200 (33ms)
2025-10-30 22:59:31 [INFO]: Producto 68dc270a3f805b78b5e7781f agregado al carrito {
  _id: new ObjectId('6904082e7ac7e690aff15f91'),
  products: [
    { quantity: 4, product: new ObjectId('68dc270a3f805b78b5e7781f') }
  ],
  createdAt: 2025-10-31T00:51:58.680Z,
  updatedAt: 2025-10-31T01:59:29.764Z,
  __v: 1
}
2025-10-30 22:59:31 [INFO]: POST /carts/products/68dc270a3f805b78b5e7781f - 200 (31ms)
2025-10-30 22:59:31 [INFO]: Producto 68dc270a3f805b78b5e7781f agregado al carrito {
  _id: new ObjectId('6904082e7ac7e690aff15f91'),
  products: [
    { quantity: 5, product: new ObjectId('68dc270a3f805b78b5e7781f') }
  ],
  createdAt: 2025-10-31T00:51:58.680Z,
  updatedAt: 2025-10-31T01:59:31.119Z,
  __v: 1
}
2025-10-30 22:59:31 [INFO]: POST /carts/products/68dc270a3f805b78b5e7781f - 200 (25ms)
2025-10-30 22:59:43 [ERROR]: ❌ Error al generar ticket: Carrito no encontrado
2025-10-30 22:59:44 [ERROR]: ❌ Carrito no encontrado
2025-10-30 22:59:44 [INFO]: POST /ticket/purchase - 404 (22ms)
2025-10-30 23:00:20 [ERROR]: ❌ Error al generar ticket: Carrito no encontrado
2025-10-30 23:00:20 [ERROR]: ❌ Carrito no encontrado
2025-10-30 23:00:20 [INFO]: POST /ticket/purchase - 404 (71ms)
2025-10-30 23:08:41 [INFO]: GET /api/docs/ - 200 (19ms)
2025-10-30 23:08:41 [INFO]: GET /api/docs/swagger-ui.css - 200 (20ms)
2025-10-30 23:08:41 [INFO]: GET /api/docs/swagger-ui-standalone-preset.js - 200 (12ms)
2025-10-30 23:08:41 [INFO]: GET /api/docs/swagger-ui-init.js - 200 (5ms)
2025-10-30 23:08:41 [INFO]: GET /api/docs/swagger-ui-bundle.js - 200 (63ms)
2025-10-30 23:09:03 [INFO]: POST /users/login - 200 (181ms)
2025-10-30 23:09:21 [INFO]: Producto 68dc270a3f805b78b5e7781f agregado al carrito {
  _id: new ObjectId('6904082e7ac7e690aff15f91'),
  products: [
    { quantity: 6, product: new ObjectId('68dc270a3f805b78b5e7781f') }
  ],
  createdAt: 2025-10-31T00:51:58.680Z,
  updatedAt: 2025-10-31T01:59:31.960Z,
  __v: 1
}
2025-10-30 23:09:21 [INFO]: POST /carts/products/68dc270a3f805b78b5e7781f - 200 (53ms)
2025-10-30 23:09:22 [INFO]: Producto 68dc270a3f805b78b5e7781f agregado al carrito {
  _id: new ObjectId('6904082e7ac7e690aff15f91'),
  products: [
    { quantity: 7, product: new ObjectId('68dc270a3f805b78b5e7781f') }
  ],
  createdAt: 2025-10-31T00:51:58.680Z,
  updatedAt: 2025-10-31T02:09:21.886Z,
  __v: 1
}
2025-10-30 23:09:22 [INFO]: POST /carts/products/68dc270a3f805b78b5e7781f - 200 (39ms)
2025-10-30 23:09:23 [INFO]: Producto 68dc270a3f805b78b5e7781f agregado al carrito {
  _id: new ObjectId('6904082e7ac7e690aff15f91'),
  products: [
    { quantity: 8, product: new ObjectId('68dc270a3f805b78b5e7781f') }
  ],
  createdAt: 2025-10-31T00:51:58.680Z,
  updatedAt: 2025-10-31T02:09:22.724Z,
  __v: 1
}
2025-10-30 23:09:23 [INFO]: POST /carts/products/68dc270a3f805b78b5e7781f - 200 (29ms)
2025-10-30 23:09:38 [INFO]: 🎟️ Ticket generado correctamente para el usuario ignaalcaniz@gmail.com
2025-10-30 23:09:38 [INFO]: POST /ticket/purchase - 201 (2113ms)
2025-10-31 00:04:52 [INFO]: POST /users/register - 400 (8ms)
2025-10-31 00:04:52 [ERROR]: ❌ Credenciales incorrectas
2025-10-31 00:04:52 [INFO]: POST /users/login - 401 (56ms)
2025-10-31 00:04:52 [INFO]: POST /ticket/purchase - 401 (12ms)
2025-10-31 00:04:54 [INFO]: POST /users/register - 400 (2ms)
2025-10-31 00:04:54 [ERROR]: ❌ Credenciales incorrectas
2025-10-31 00:04:54 [INFO]: POST /users/login - 401 (46ms)
2025-10-31 00:04:54 [INFO]: POST /products - 401 (2ms)
2025-10-31 00:04:54 [INFO]: POST /users/register - 400 (3ms)
2025-10-31 00:04:54 [ERROR]: ❌ Credenciales incorrectas
2025-10-31 00:04:54 [INFO]: POST /users/login - 401 (15ms)
2025-10-31 00:04:54 [INFO]: GET /products - 401 (1ms)
2025-10-31 00:04:55 [INFO]: POST /users/register - 400 (5ms)
2025-10-31 00:04:55 [ERROR]: ❌ Credenciales incorrectas
2025-10-31 00:04:55 [INFO]: POST /users/login - 401 (31ms)
2025-10-31 00:04:55 [INFO]: POST /products - 401 (1ms)
2025-10-31 00:04:55 [INFO]: POST /carts - 401 (3ms)
2025-10-31 00:04:55 [INFO]: GET /carts - 401 (3ms)
2025-10-31 00:04:55 [INFO]: POST /users/register - 400 (2ms)
2025-10-31 00:04:55 [ERROR]: ❌ Credenciales incorrectas
2025-10-31 00:04:55 [INFO]: POST /users/login - 401 (18ms)
2025-10-31 00:04:56 [INFO]: POST /products - 401 (3ms)
2025-10-31 00:04:56 [INFO]: POST /carts - 401 (3ms)
2025-10-31 00:04:56 [INFO]: POST /carts/undefined/products/undefined - 404 (3ms)
2025-10-31 00:04:56 [INFO]: POST /users/register - 400 (1ms)
2025-10-31 00:04:56 [ERROR]: ❌ Credenciales incorrectas
2025-10-31 00:04:56 [INFO]: POST /users/login - 401 (12ms)
2025-10-31 00:04:56 [INFO]: POST /products - 401 (2ms)
2025-10-31 00:04:56 [INFO]: POST /carts - 401 (2ms)
2025-10-31 00:04:56 [INFO]: PUT /carts/undefined/products/undefined - 401 (3ms)
2025-10-31 00:04:56 [INFO]: POST /users/register - 400 (1ms)
2025-10-31 00:04:56 [ERROR]: ❌ Credenciales incorrectas
2025-10-31 00:04:56 [INFO]: POST /users/login - 401 (8ms)
2025-10-31 00:04:56 [INFO]: POST /products - 401 (2ms)
2025-10-31 00:04:56 [INFO]: POST /carts - 401 (2ms)
2025-10-31 00:04:56 [INFO]: DELETE /carts/undefined/products/undefined - 401 (3ms)
2025-10-31 00:04:56 [INFO]: POST /users/register - 400 (1ms)
2025-10-31 00:04:56 [ERROR]: ❌ Credenciales incorrectas
2025-10-31 00:04:56 [INFO]: POST /users/login - 401 (8ms)
2025-10-31 00:04:56 [INFO]: POST /products - 401 (2ms)
2025-10-31 00:04:56 [INFO]: POST /carts - 401 (1ms)
2025-10-31 00:04:56 [INFO]: DELETE /carts/clear/undefined - 401 (2ms)
2025-10-31 00:04:57 [INFO]: GET / - 200 (2ms)
2025-10-31 00:04:57 [INFO]: GET /api/docs - 301 (5ms)
2025-10-31 00:30:08 [INFO]: POST /users/register - 400 (8ms)
2025-10-31 00:30:08 [INFO]: POST /users/register - 400 (2ms)
2025-10-31 00:30:08 [ERROR]: ❌ Credenciales incorrectas
2025-10-31 00:30:08 [INFO]: POST /users/login - 401 (30ms)
2025-10-31 00:30:08 [INFO]: POST /users/register - 400 (3ms)
2025-10-31 00:30:08 [ERROR]: ❌ Credenciales incorrectas
2025-10-31 00:30:08 [INFO]: POST /users/login - 401 (11ms)
2025-10-31 00:30:08 [INFO]: GET /users/profile - 401 (5ms)
2025-10-31 00:30:08 [INFO]: POST /users/register - 400 (1ms)
2025-10-31 00:30:08 [ERROR]: ❌ Credenciales incorrectas
2025-10-31 00:30:08 [INFO]: POST /users/login - 401 (13ms)
2025-10-31 00:30:08 [INFO]: POST /users/refresh - 401 (3ms)
2025-10-31 00:30:08 [INFO]: POST /users/register - 400 (2ms)
2025-10-31 00:30:08 [ERROR]: ❌ Credenciales incorrectas
2025-10-31 00:30:08 [INFO]: POST /users/login - 401 (11ms)
2025-10-31 00:30:08 [INFO]: POST /users/logout - 200 (2ms)
2025-10-31 00:30:10 [INFO]: POST /users/register - 400 (7ms)
2025-10-31 00:30:10 [ERROR]: ❌ Credenciales incorrectas
2025-10-31 00:30:10 [INFO]: POST /users/login - 401 (37ms)
2025-10-31 00:30:10 [INFO]: POST /ticket/purchase - 401 (2ms)
2025-10-31 00:30:12 [INFO]: POST /users/register - 400 (9ms)
2025-10-31 00:30:12 [ERROR]: ❌ Credenciales incorrectas
2025-10-31 00:30:12 [INFO]: POST /users/login - 401 (45ms)
2025-10-31 00:30:12 [INFO]: POST /products - 401 (3ms)
2025-10-31 00:30:12 [INFO]: POST /users/register - 400 (3ms)
2025-10-31 00:30:12 [ERROR]: ❌ Credenciales incorrectas
2025-10-31 00:30:12 [INFO]: POST /users/login - 401 (13ms)
2025-10-31 00:30:12 [INFO]: GET /products - 401 (3ms)
2025-10-31 00:30:14 [INFO]: POST /users/register - 400 (10ms)
2025-10-31 00:30:14 [ERROR]: ❌ Credenciales incorrectas
2025-10-31 00:30:14 [INFO]: POST /users/login - 401 (46ms)
2025-10-31 00:30:14 [INFO]: POST /products - 401 (3ms)
2025-10-31 00:30:14 [INFO]: POST /carts - 401 (2ms)
2025-10-31 00:30:14 [INFO]: GET /carts - 401 (3ms)
2025-10-31 00:30:14 [INFO]: POST /users/register - 400 (3ms)
2025-10-31 00:30:14 [ERROR]: ❌ Credenciales incorrectas
2025-10-31 00:30:14 [INFO]: POST /users/login - 401 (16ms)
2025-10-31 00:30:14 [INFO]: POST /products - 401 (2ms)
2025-10-31 00:30:14 [INFO]: POST /carts - 401 (4ms)
2025-10-31 00:30:14 [INFO]: POST /carts/undefined/products/undefined - 404 (3ms)
2025-10-31 00:30:14 [INFO]: POST /users/register - 400 (2ms)
2025-10-31 00:30:14 [ERROR]: ❌ Credenciales incorrectas
2025-10-31 00:30:14 [INFO]: POST /users/login - 401 (11ms)
2025-10-31 00:30:14 [INFO]: POST /products - 401 (3ms)
2025-10-31 00:30:14 [INFO]: POST /carts - 401 (2ms)
2025-10-31 00:30:14 [INFO]: PUT /carts/undefined/products/undefined - 401 (2ms)
2025-10-31 00:30:14 [INFO]: POST /users/register - 400 (2ms)
2025-10-31 00:30:14 [ERROR]: ❌ Credenciales incorrectas
2025-10-31 00:30:14 [INFO]: POST /users/login - 401 (11ms)
2025-10-31 00:30:14 [INFO]: POST /products - 401 (1ms)
2025-10-31 00:30:14 [INFO]: POST /carts - 401 (2ms)
2025-10-31 00:30:14 [INFO]: DELETE /carts/undefined/products/undefined - 401 (2ms)
2025-10-31 00:30:15 [INFO]: POST /users/register - 400 (3ms)
2025-10-31 00:30:15 [ERROR]: ❌ Credenciales incorrectas
2025-10-31 00:30:15 [INFO]: POST /users/login - 401 (18ms)
2025-10-31 00:30:15 [INFO]: POST /products - 401 (3ms)
2025-10-31 00:30:15 [INFO]: POST /carts - 401 (5ms)
2025-10-31 00:30:15 [INFO]: DELETE /carts/clear/undefined - 401 (3ms)
2025-10-31 00:30:16 [INFO]: GET / - 200 (6ms)
2025-10-31 00:30:17 [INFO]: GET /api/docs - 301 (5ms)
2025-11-03 15:23:45 [INFO]: POST /users/register - 400 (11ms)
2025-11-03 15:23:45 [INFO]: POST /users/register - 400 (1ms)
2025-11-03 15:23:45 [INFO]: POST /users/login - 400 (2ms)
2025-11-03 15:23:45 [INFO]: POST /users/register - 400 (2ms)
2025-11-03 15:23:45 [INFO]: POST /users/login - 400 (1ms)
2025-11-03 15:23:45 [INFO]: GET /users/profile - 401 (15ms)
2025-11-03 15:23:45 [INFO]: POST /users/register - 400 (3ms)
2025-11-03 15:23:45 [INFO]: POST /users/login - 400 (3ms)
2025-11-03 15:23:46 [INFO]: POST /users/refresh - 401 (13ms)
2025-11-03 15:23:46 [INFO]: POST /users/register - 400 (3ms)
2025-11-03 15:23:46 [INFO]: POST /users/login - 400 (2ms)
2025-11-03 15:23:46 [INFO]: POST /users/logout - 200 (7ms)
2025-11-03 15:23:52 [INFO]: POST /users/register - 400 (7ms)
2025-11-03 15:23:52 [INFO]: POST /users/login - 400 (3ms)
2025-11-03 15:23:52 [INFO]: POST /products - 401 (6ms)
2025-11-03 15:23:52 [INFO]: POST /carts - 401 (3ms)
2025-11-03 15:23:52 [INFO]: GET /carts - 401 (3ms)
2025-11-03 15:23:53 [INFO]: POST /users/register - 400 (2ms)
2025-11-03 15:23:53 [INFO]: POST /users/login - 400 (1ms)
2025-11-03 15:23:53 [INFO]: POST /products - 401 (3ms)
2025-11-03 15:23:53 [INFO]: POST /carts - 401 (3ms)
2025-11-03 15:23:53 [INFO]: POST /carts/undefined/products/undefined - 404 (7ms)
2025-11-03 15:23:53 [INFO]: POST /users/register - 400 (1ms)
2025-11-03 15:23:53 [INFO]: POST /users/login - 400 (1ms)
2025-11-03 15:23:53 [INFO]: POST /products - 401 (4ms)
2025-11-03 15:23:53 [INFO]: POST /carts - 401 (4ms)
2025-11-03 15:23:53 [INFO]: PUT /carts/undefined/products/undefined - 401 (7ms)
2025-11-03 15:23:53 [INFO]: POST /users/register - 400 (2ms)
2025-11-03 15:23:53 [INFO]: POST /users/login - 400 (2ms)
2025-11-03 15:23:53 [INFO]: POST /products - 401 (4ms)
2025-11-03 15:23:53 [INFO]: POST /carts - 401 (7ms)
2025-11-03 15:23:53 [INFO]: DELETE /carts/undefined/products/undefined - 401 (3ms)
2025-11-03 15:23:53 [INFO]: POST /users/register - 400 (2ms)
2025-11-03 15:23:53 [INFO]: POST /users/login - 400 (3ms)
2025-11-03 15:23:53 [INFO]: POST /products - 401 (5ms)
2025-11-03 15:23:53 [INFO]: POST /carts - 401 (3ms)
2025-11-03 15:23:53 [INFO]: DELETE /carts/clear/undefined - 401 (4ms)
2025-11-03 15:23:57 [INFO]: POST /users/register - 400 (9ms)
2025-11-03 15:23:57 [INFO]: POST /users/login - 400 (2ms)
2025-11-03 15:23:57 [INFO]: POST /products - 401 (4ms)
2025-11-03 15:23:57 [INFO]: POST /users/register - 400 (3ms)
2025-11-03 15:23:57 [INFO]: POST /users/login - 400 (2ms)
2025-11-03 15:23:57 [INFO]: GET /products - 401 (5ms)
2025-11-03 15:24:00 [INFO]: POST /users/register - 400 (5ms)
2025-11-03 15:24:00 [INFO]: POST /users/login - 400 (4ms)
2025-11-03 15:24:00 [INFO]: POST /ticket/purchase - 401 (6ms)
2025-11-03 15:24:04 [INFO]: GET / - 200 (5ms)
2025-11-03 15:24:04 [INFO]: GET /api/docs - 301 (10ms)
2025-11-03 19:14:33 [INFO]: POST /users/register - 400 (7ms)
2025-11-03 19:14:33 [INFO]: POST /users/register - 400 (2ms)
2025-11-03 19:14:33 [INFO]: POST /users/login - 400 (2ms)
2025-11-03 19:14:33 [INFO]: POST /users/register - 400 (2ms)
2025-11-03 19:14:33 [INFO]: POST /users/login - 400 (2ms)
2025-11-03 19:14:33 [INFO]: GET /users/profile - 401 (5ms)
2025-11-03 19:14:33 [INFO]: POST /users/register - 400 (3ms)
2025-11-03 19:14:33 [INFO]: POST /users/login - 400 (2ms)
2025-11-03 19:14:33 [INFO]: POST /users/refresh - 401 (4ms)
2025-11-03 19:14:33 [INFO]: POST /users/register - 400 (2ms)
2025-11-03 19:14:33 [INFO]: POST /users/login - 400 (1ms)
2025-11-03 19:14:33 [INFO]: POST /users/logout - 200 (5ms)
2025-11-03 19:14:36 [INFO]: POST /users/register - 400 (6ms)
2025-11-03 19:14:36 [INFO]: POST /users/login - 400 (4ms)
2025-11-03 19:14:36 [INFO]: POST /products - 401 (4ms)
2025-11-03 19:14:36 [INFO]: POST /carts - 401 (4ms)
2025-11-03 19:14:36 [INFO]: GET /carts - 401 (3ms)
2025-11-03 19:14:36 [INFO]: POST /users/register - 400 (3ms)
2025-11-03 19:14:36 [INFO]: POST /users/login - 400 (2ms)
2025-11-03 19:14:36 [INFO]: POST /products - 401 (2ms)
2025-11-03 19:14:36 [INFO]: POST /carts - 401 (4ms)
2025-11-03 19:14:36 [INFO]: POST /carts/undefined/products/undefined - 404 (4ms)
2025-11-03 19:14:37 [INFO]: POST /users/register - 400 (6ms)
2025-11-03 19:14:37 [INFO]: POST /users/login - 400 (4ms)
2025-11-03 19:14:37 [INFO]: POST /products - 401 (3ms)
2025-11-03 19:14:37 [INFO]: POST /carts - 401 (6ms)
2025-11-03 19:14:37 [INFO]: PUT /carts/undefined/products/undefined - 401 (4ms)
2025-11-03 19:14:37 [INFO]: POST /users/register - 400 (2ms)
2025-11-03 19:14:37 [INFO]: POST /users/login - 400 (2ms)
2025-11-03 19:14:37 [INFO]: POST /products - 401 (3ms)
2025-11-03 19:14:37 [INFO]: POST /carts - 401 (3ms)
2025-11-03 19:14:37 [INFO]: DELETE /carts/undefined/products/undefined - 401 (5ms)
2025-11-03 19:14:37 [INFO]: POST /users/register - 400 (2ms)
2025-11-03 19:14:37 [INFO]: POST /users/login - 400 (2ms)
2025-11-03 19:14:37 [INFO]: POST /products - 401 (3ms)
2025-11-03 19:14:37 [INFO]: POST /carts - 401 (3ms)
2025-11-03 19:14:37 [INFO]: DELETE /carts/clear/undefined - 401 (3ms)
2025-11-03 19:14:40 [INFO]: POST /users/register - 400 (5ms)
2025-11-03 19:14:40 [INFO]: POST /users/login - 400 (2ms)
2025-11-03 19:14:40 [INFO]: POST /products - 401 (3ms)
2025-11-03 19:14:40 [INFO]: POST /users/register - 400 (2ms)
2025-11-03 19:14:40 [INFO]: POST /users/login - 400 (3ms)
2025-11-03 19:14:40 [INFO]: GET /products - 401 (3ms)
2025-11-03 19:14:42 [INFO]: GET / - 200 (6ms)
2025-11-03 19:14:42 [INFO]: GET /api/docs - 301 (8ms)
2025-11-03 19:14:48 [INFO]: POST /users/register - 400 (5ms)
2025-11-03 19:14:49 [INFO]: POST /users/login - 400 (3ms)
2025-11-03 19:14:49 [INFO]: POST /ticket/purchase - 401 (5ms)
2025-11-04 15:38:16 [INFO]: POST /users/register - 400 (19ms)
2025-11-04 15:38:16 [INFO]: POST /users/register - 400 (3ms)
2025-11-04 15:38:16 [INFO]: POST /users/login - 400 (3ms)
2025-11-04 15:38:17 [INFO]: POST /users/register - 400 (3ms)
2025-11-04 15:38:17 [INFO]: POST /users/login - 400 (6ms)
2025-11-04 15:38:17 [INFO]: GET /users/profile - 401 (15ms)
2025-11-04 15:38:17 [INFO]: POST /users/register - 400 (2ms)
2025-11-04 15:38:17 [INFO]: POST /users/login - 400 (6ms)
2025-11-04 15:38:17 [INFO]: POST /users/refresh - 401 (8ms)
2025-11-04 15:38:17 [INFO]: POST /users/register - 400 (2ms)
2025-11-04 15:38:17 [INFO]: POST /users/login - 400 (4ms)
2025-11-04 15:38:17 [INFO]: POST /users/logout - 200 (5ms)
2025-11-04 15:38:26 [INFO]: POST /users/register - 400 (6ms)
2025-11-04 15:38:26 [INFO]: POST /users/login - 400 (3ms)
2025-11-04 15:38:26 [INFO]: POST /products - 401 (6ms)
2025-11-04 15:38:26 [INFO]: POST /carts - 401 (4ms)
2025-11-04 15:38:26 [INFO]: GET /carts - 401 (6ms)
2025-11-04 15:38:26 [INFO]: POST /users/register - 400 (4ms)
2025-11-04 15:38:26 [INFO]: POST /users/login - 400 (3ms)
2025-11-04 15:38:26 [INFO]: POST /products - 401 (5ms)
2025-11-04 15:38:26 [INFO]: POST /carts - 401 (4ms)
2025-11-04 15:38:26 [INFO]: POST /carts/undefined/products/undefined - 404 (10ms)
2025-11-04 15:38:26 [INFO]: POST /users/register - 400 (3ms)
2025-11-04 15:38:26 [INFO]: POST /users/login - 400 (6ms)
2025-11-04 15:38:26 [INFO]: POST /products - 401 (3ms)
2025-11-04 15:38:26 [INFO]: POST /carts - 401 (5ms)
2025-11-04 15:38:26 [INFO]: PUT /carts/undefined/products/undefined - 401 (5ms)
2025-11-04 15:38:27 [INFO]: POST /users/register - 400 (4ms)
2025-11-04 15:38:27 [INFO]: POST /users/login - 400 (2ms)
2025-11-04 15:38:27 [INFO]: POST /products - 401 (8ms)
2025-11-04 15:38:27 [INFO]: POST /carts - 401 (6ms)
2025-11-04 15:38:27 [INFO]: DELETE /carts/undefined/products/undefined - 401 (7ms)
2025-11-04 15:38:27 [INFO]: POST /users/register - 400 (3ms)
2025-11-04 15:38:27 [INFO]: POST /users/login - 400 (6ms)
2025-11-04 15:38:27 [INFO]: POST /products - 401 (4ms)
2025-11-04 15:38:27 [INFO]: POST /carts - 401 (4ms)
2025-11-04 15:38:27 [INFO]: DELETE /carts/clear/undefined - 401 (5ms)
2025-11-04 15:38:31 [INFO]: POST /users/register - 400 (7ms)
2025-11-04 15:38:31 [INFO]: POST /users/login - 400 (3ms)
2025-11-04 15:38:31 [INFO]: POST /products - 401 (5ms)
2025-11-04 15:38:31 [INFO]: POST /users/register - 400 (3ms)
2025-11-04 15:38:31 [INFO]: POST /users/login - 400 (3ms)
2025-11-04 15:38:31 [INFO]: GET /products - 401 (5ms)
2025-11-04 15:38:36 [INFO]: POST /users/register - 400 (10ms)
2025-11-04 15:38:36 [INFO]: POST /users/login - 400 (10ms)
2025-11-04 15:38:36 [INFO]: POST /ticket/purchase - 401 (10ms)
2025-11-04 15:38:40 [INFO]: GET / - 200 (14ms)
2025-11-04 15:38:40 [INFO]: GET /api/docs - 301 (8ms)
2025-11-04 19:03:43 [INFO]: POST /users/register - 400 (21ms)
2025-11-04 19:03:43 [INFO]: POST /users/register - 400 (3ms)
2025-11-04 19:03:43 [INFO]: POST /users/login - 400 (4ms)
2025-11-04 19:03:44 [INFO]: POST /users/register - 400 (5ms)
2025-11-04 19:03:44 [INFO]: POST /users/login - 400 (5ms)
2025-11-04 19:03:44 [INFO]: GET /users/profile - 401 (20ms)
2025-11-04 19:03:44 [INFO]: POST /users/register - 400 (3ms)
2025-11-04 19:03:44 [INFO]: POST /users/login - 400 (2ms)
2025-11-04 19:03:44 [INFO]: POST /users/refresh - 401 (10ms)
2025-11-04 19:03:44 [INFO]: POST /users/register - 400 (4ms)
2025-11-04 19:03:44 [INFO]: POST /users/login - 400 (3ms)
2025-11-04 19:03:44 [INFO]: POST /users/logout - 200 (8ms)
2025-11-04 19:03:49 [INFO]: POST /users/register - 400 (8ms)
2025-11-04 19:03:49 [INFO]: POST /users/login - 400 (4ms)
2025-11-04 19:03:49 [INFO]: POST /products - 401 (6ms)
2025-11-04 19:03:49 [INFO]: POST /carts - 401 (9ms)
2025-11-04 19:03:49 [INFO]: GET /carts - 401 (7ms)
2025-11-04 19:03:49 [INFO]: POST /users/register - 400 (3ms)
2025-11-04 19:03:49 [INFO]: POST /users/login - 400 (4ms)
2025-11-04 19:03:50 [INFO]: POST /products - 401 (9ms)
2025-11-04 19:03:50 [INFO]: POST /carts - 401 (12ms)
2025-11-04 19:03:50 [INFO]: POST /carts/undefined/products/undefined - 404 (10ms)
2025-11-04 19:03:50 [INFO]: POST /users/register - 400 (7ms)
2025-11-04 19:03:50 [INFO]: POST /users/login - 400 (6ms)
2025-11-04 19:03:50 [INFO]: POST /products - 401 (9ms)
2025-11-04 19:03:50 [INFO]: POST /carts - 401 (12ms)
2025-11-04 19:03:50 [INFO]: PUT /carts/undefined/products/undefined - 401 (11ms)
2025-11-04 19:03:50 [INFO]: POST /users/register - 400 (6ms)
2025-11-04 19:03:50 [INFO]: POST /users/login - 400 (4ms)
2025-11-04 19:03:51 [INFO]: POST /products - 401 (4ms)
2025-11-04 19:03:51 [INFO]: POST /carts - 401 (6ms)
2025-11-04 19:03:51 [INFO]: DELETE /carts/undefined/products/undefined - 401 (4ms)
2025-11-04 19:03:51 [INFO]: POST /users/register - 400 (4ms)
2025-11-04 19:03:51 [INFO]: POST /users/login - 400 (5ms)
2025-11-04 19:03:51 [INFO]: POST /products - 401 (7ms)
2025-11-04 19:03:51 [INFO]: POST /carts - 401 (4ms)
2025-11-04 19:03:51 [INFO]: DELETE /carts/clear/undefined - 401 (4ms)
2025-11-04 19:03:55 [INFO]: POST /users/register - 400 (13ms)
2025-11-04 19:03:55 [INFO]: POST /users/login - 400 (3ms)
2025-11-04 19:03:55 [INFO]: POST /ticket/purchase - 401 (7ms)
2025-11-04 19:04:10 [INFO]: GET / - 200 (10ms)
2025-11-04 19:04:11 [INFO]: GET /api/docs - 301 (22ms)
2025-11-04 19:04:16 [INFO]: POST /users/register - 400 (18ms)
2025-11-04 19:04:16 [INFO]: POST /users/login - 400 (7ms)
2025-11-04 19:04:16 [INFO]: POST /products - 401 (7ms)
2025-11-04 19:04:17 [INFO]: POST /users/register - 400 (4ms)
2025-11-04 19:04:17 [INFO]: POST /users/login - 400 (4ms)
2025-11-04 19:04:17 [INFO]: GET /products - 401 (6ms)
2025-11-07 18:50:50 [INFO]: POST /users/register - 400 (5ms)
2025-11-07 18:50:50 [INFO]: POST /users/login - 400 (1ms)
2025-11-07 18:50:50 [INFO]: POST /ticket/purchase - 401 (6ms)
2025-11-07 18:50:52 [INFO]: POST /users/register - 400 (1ms)
2025-11-07 18:50:52 [INFO]: POST /users/register - 400 (2ms)
2025-11-07 18:50:52 [INFO]: POST /users/login - 400 (1ms)
2025-11-07 18:50:52 [INFO]: POST /users/register - 400 (2ms)
2025-11-07 18:50:52 [INFO]: POST /users/login - 400 (1ms)
2025-11-07 18:50:52 [INFO]: GET /users/profile - 401 (3ms)
2025-11-07 18:50:52 [INFO]: POST /users/register - 400 (1ms)
2025-11-07 18:50:52 [INFO]: POST /users/login - 400 (2ms)
2025-11-07 18:50:52 [INFO]: POST /users/refresh - 401 (2ms)
2025-11-07 18:50:52 [INFO]: POST /users/register - 400 (2ms)
2025-11-07 18:50:52 [INFO]: POST /users/login - 400 (1ms)
2025-11-07 18:50:52 [INFO]: POST /users/logout - 200 (2ms)
2025-11-07 18:50:54 [INFO]: POST /users/register - 400 (2ms)
2025-11-07 18:50:54 [INFO]: POST /users/login - 400 (3ms)
2025-11-07 18:50:54 [INFO]: POST /products - 401 (4ms)
2025-11-07 18:50:54 [INFO]: POST /users/register - 400 (1ms)
2025-11-07 18:50:54 [INFO]: POST /users/login - 400 (1ms)
2025-11-07 18:50:54 [INFO]: GET /products - 401 (2ms)
2025-11-07 18:50:55 [INFO]: POST /users/register - 400 (3ms)
2025-11-07 18:50:55 [INFO]: POST /users/login - 400 (1ms)
2025-11-07 18:50:55 [INFO]: POST /products - 401 (2ms)
2025-11-07 18:50:55 [INFO]: POST /carts - 401 (2ms)
2025-11-07 18:50:55 [INFO]: GET /carts - 401 (3ms)
2025-11-07 18:50:55 [INFO]: POST /users/register - 400 (1ms)
2025-11-07 18:50:55 [INFO]: POST /users/login - 400 (1ms)
2025-11-07 18:50:55 [INFO]: POST /products - 401 (2ms)
2025-11-07 18:50:55 [INFO]: POST /carts - 401 (2ms)
2025-11-07 18:50:55 [INFO]: POST /carts/undefined/products/undefined - 404 (2ms)
2025-11-07 18:50:55 [INFO]: POST /users/register - 400 (1ms)
2025-11-07 18:50:55 [INFO]: POST /users/login - 400 (1ms)
2025-11-07 18:50:55 [INFO]: POST /products - 401 (2ms)
2025-11-07 18:50:55 [INFO]: POST /carts - 401 (3ms)
2025-11-07 18:50:55 [INFO]: PUT /carts/undefined/products/undefined - 401 (2ms)
2025-11-07 18:50:56 [INFO]: POST /users/register - 400 (2ms)
2025-11-07 18:50:56 [INFO]: POST /users/login - 400 (1ms)
2025-11-07 18:50:56 [INFO]: POST /products - 401 (2ms)
2025-11-07 18:50:56 [INFO]: POST /carts - 401 (3ms)
2025-11-07 18:50:56 [INFO]: DELETE /carts/undefined/products/undefined - 401 (3ms)
2025-11-07 18:50:56 [INFO]: POST /users/register - 400 (1ms)
2025-11-07 18:50:56 [INFO]: POST /users/login - 400 (2ms)
2025-11-07 18:50:56 [INFO]: POST /products - 401 (2ms)
2025-11-07 18:50:56 [INFO]: POST /carts - 401 (1ms)
2025-11-07 18:50:56 [INFO]: DELETE /carts/clear/undefined - 401 (4ms)
2025-11-07 18:50:57 [INFO]: GET / - 200 (2ms)
2025-11-07 18:50:57 [INFO]: GET /api/docs - 301 (8ms)
2025-11-07 19:07:05 [INFO]: POST /users/register - 400 (32ms)
2025-11-07 19:07:05 [INFO]: POST /users/login - 400 (5ms)
2025-11-07 19:07:05 [INFO]: POST /ticket/purchase - 401 (35ms)
2025-11-07 19:07:10 [INFO]: POST /users/register - 400 (6ms)
2025-11-07 19:07:10 [INFO]: POST /users/login - 400 (4ms)
2025-11-07 19:07:10 [INFO]: POST /products - 401 (7ms)
2025-11-07 19:07:10 [INFO]: POST /carts - 401 (11ms)
2025-11-07 19:07:10 [INFO]: GET /carts - 401 (10ms)
2025-11-07 19:07:10 [INFO]: POST /users/register - 400 (5ms)
2025-11-07 19:07:10 [INFO]: POST /users/login - 400 (5ms)
2025-11-07 19:07:10 [INFO]: POST /products - 401 (11ms)
2025-11-07 19:07:11 [INFO]: POST /carts - 401 (16ms)
2025-11-07 19:07:11 [INFO]: POST /carts/undefined/products/undefined - 404 (8ms)
2025-11-07 19:07:11 [INFO]: POST /users/register - 400 (4ms)
2025-11-07 19:07:11 [INFO]: POST /users/login - 400 (7ms)
2025-11-07 19:07:11 [INFO]: POST /products - 401 (7ms)
2025-11-07 19:07:11 [INFO]: POST /carts - 401 (4ms)
2025-11-07 19:07:11 [INFO]: PUT /carts/undefined/products/undefined - 401 (10ms)
2025-11-07 19:07:11 [INFO]: POST /users/register - 400 (4ms)
2025-11-07 19:07:11 [INFO]: POST /users/login - 400 (3ms)
2025-11-07 19:07:11 [INFO]: POST /products - 401 (5ms)
2025-11-07 19:07:11 [INFO]: POST /carts - 401 (10ms)
2025-11-07 19:07:11 [INFO]: DELETE /carts/undefined/products/undefined - 401 (8ms)
2025-11-07 19:07:12 [INFO]: POST /users/register - 400 (5ms)
2025-11-07 19:07:12 [INFO]: POST /users/login - 400 (3ms)
2025-11-07 19:07:12 [INFO]: POST /products - 401 (7ms)
2025-11-07 19:07:12 [INFO]: POST /carts - 401 (10ms)
2025-11-07 19:07:12 [INFO]: DELETE /carts/clear/undefined - 401 (9ms)
2025-11-07 19:07:16 [INFO]: POST /users/register - 400 (5ms)
2025-11-07 19:07:16 [INFO]: POST /users/login - 400 (2ms)
2025-11-07 19:07:16 [INFO]: POST /products - 401 (5ms)
2025-11-07 19:07:16 [INFO]: POST /users/register - 400 (2ms)
2025-11-07 19:07:16 [INFO]: POST /users/login - 400 (2ms)
2025-11-07 19:07:16 [INFO]: GET /products - 401 (4ms)
2025-11-07 19:07:18 [INFO]: POST /users/register - 400 (2ms)
2025-11-07 19:07:18 [INFO]: POST /users/register - 400 (2ms)
2025-11-07 19:07:18 [INFO]: POST /users/login - 400 (1ms)
2025-11-07 19:07:18 [INFO]: POST /users/register - 400 (1ms)
2025-11-07 19:07:18 [INFO]: POST /users/login - 400 (1ms)
2025-11-07 19:07:18 [INFO]: GET /users/profile - 401 (2ms)
2025-11-07 19:07:18 [INFO]: POST /users/register - 400 (1ms)
2025-11-07 19:07:18 [INFO]: POST /users/login - 400 (2ms)
2025-11-07 19:07:18 [INFO]: POST /users/refresh - 401 (5ms)
2025-11-07 19:07:18 [INFO]: POST /users/register - 400 (2ms)
2025-11-07 19:07:18 [INFO]: POST /users/login - 400 (1ms)
2025-11-07 19:07:18 [INFO]: POST /users/logout - 200 (3ms)
2025-11-07 19:07:19 [INFO]: GET / - 200 (5ms)
2025-11-07 19:07:20 [INFO]: GET /api/docs - 301 (11ms)
2025-11-07 19:15:18 [INFO]: POST /users/register - 400 (47ms)
2025-11-07 19:15:19 [INFO]: POST /users/login - 400 (7ms)
2025-11-07 19:15:19 [INFO]: POST /ticket/purchase - 401 (31ms)
2025-11-07 19:15:24 [INFO]: POST /users/register - 400 (6ms)
2025-11-07 19:15:24 [INFO]: POST /users/login - 400 (5ms)
2025-11-07 19:15:24 [INFO]: POST /products - 401 (8ms)
2025-11-07 19:15:24 [INFO]: POST /carts - 401 (8ms)
2025-11-07 19:15:24 [INFO]: GET /carts - 401 (10ms)
2025-11-07 19:15:24 [INFO]: POST /users/register - 400 (6ms)
2025-11-07 19:15:24 [INFO]: POST /users/login - 400 (5ms)
2025-11-07 19:15:24 [INFO]: POST /products - 401 (10ms)
2025-11-07 19:15:24 [INFO]: POST /carts - 401 (11ms)
2025-11-07 19:15:24 [INFO]: POST /carts/undefined/products/undefined - 404 (12ms)
2025-11-07 19:15:25 [INFO]: POST /users/register - 400 (8ms)
2025-11-07 19:15:25 [INFO]: POST /users/login - 400 (5ms)
2025-11-07 19:15:25 [INFO]: POST /products - 401 (10ms)
2025-11-07 19:15:25 [INFO]: POST /carts - 401 (8ms)
2025-11-07 19:15:25 [INFO]: PUT /carts/undefined/products/undefined - 401 (4ms)
2025-11-07 19:15:25 [INFO]: POST /users/register - 400 (3ms)
2025-11-07 19:15:25 [INFO]: POST /users/login - 400 (3ms)
2025-11-07 19:15:25 [INFO]: POST /products - 401 (8ms)
2025-11-07 19:15:25 [INFO]: POST /carts - 401 (4ms)
2025-11-07 19:15:25 [INFO]: DELETE /carts/undefined/products/undefined - 401 (8ms)
2025-11-07 19:15:25 [INFO]: POST /users/register - 400 (4ms)
2025-11-07 19:15:25 [INFO]: POST /users/login - 400 (4ms)
2025-11-07 19:15:25 [INFO]: POST /products - 401 (9ms)
2025-11-07 19:15:25 [INFO]: POST /carts - 401 (11ms)
2025-11-07 19:15:25 [INFO]: DELETE /carts/clear/undefined - 401 (13ms)
2025-11-07 19:15:30 [INFO]: POST /users/register - 400 (4ms)
2025-11-07 19:15:30 [INFO]: POST /users/login - 400 (5ms)
2025-11-07 19:15:30 [INFO]: POST /products - 401 (8ms)
2025-11-07 19:15:31 [INFO]: POST /users/register - 400 (4ms)
2025-11-07 19:15:31 [INFO]: POST /users/login - 400 (5ms)
2025-11-07 19:15:31 [INFO]: GET /products - 401 (15ms)
2025-11-07 19:15:35 [INFO]: POST /users/register - 400 (3ms)
2025-11-07 19:15:35 [INFO]: POST /users/register - 400 (2ms)
2025-11-07 19:15:35 [INFO]: POST /users/login - 400 (5ms)
2025-11-07 19:15:36 [INFO]: POST /users/register - 400 (6ms)
2025-11-07 19:15:36 [INFO]: POST /users/login - 400 (4ms)
2025-11-07 19:15:36 [INFO]: GET /users/profile - 401 (7ms)
2025-11-07 19:15:36 [INFO]: POST /users/register - 400 (4ms)
2025-11-07 19:15:36 [INFO]: POST /users/login - 400 (4ms)
2025-11-07 19:15:36 [INFO]: POST /users/refresh - 401 (29ms)
2025-11-07 19:15:36 [INFO]: POST /users/register - 400 (4ms)
2025-11-07 19:15:36 [INFO]: POST /users/login - 400 (2ms)
2025-11-07 19:15:36 [INFO]: POST /users/logout - 200 (10ms)
2025-11-07 19:15:39 [INFO]: GET / - 200 (7ms)
2025-11-07 19:15:39 [INFO]: GET /api/docs - 301 (17ms)
2025-11-07 19:19:45 [INFO]: POST /users/register - 400 (14ms)
2025-11-07 19:19:45 [INFO]: POST /users/login - 400 (4ms)
2025-11-07 19:19:45 [INFO]: POST /ticket/purchase - 401 (12ms)
2025-11-07 19:19:46 [INFO]: POST /users/register - 400 (1ms)
2025-11-07 19:19:46 [INFO]: POST /users/login - 400 (2ms)
2025-11-07 19:19:46 [INFO]: POST /products - 401 (2ms)
2025-11-07 19:19:46 [INFO]: POST /carts - 401 (3ms)
2025-11-07 19:19:46 [INFO]: GET /carts - 401 (2ms)
2025-11-07 19:19:46 [INFO]: POST /users/register - 400 (1ms)
2025-11-07 19:19:46 [INFO]: POST /users/login - 400 (1ms)
2025-11-07 19:19:46 [INFO]: POST /products - 401 (2ms)
2025-11-07 19:19:46 [INFO]: POST /carts - 401 (3ms)
2025-11-07 19:19:46 [INFO]: POST /carts/undefined/products/undefined - 404 (3ms)
2025-11-07 19:19:46 [INFO]: POST /users/register - 400 (2ms)
2025-11-07 19:19:46 [INFO]: POST /users/login - 400 (1ms)
2025-11-07 19:19:46 [INFO]: POST /products - 401 (2ms)
2025-11-07 19:19:46 [INFO]: POST /carts - 401 (1ms)
2025-11-07 19:19:46 [INFO]: PUT /carts/undefined/products/undefined - 401 (2ms)
2025-11-07 19:19:47 [INFO]: POST /users/register - 400 (2ms)
2025-11-07 19:19:47 [INFO]: POST /users/login - 400 (2ms)
2025-11-07 19:19:47 [INFO]: POST /products - 401 (2ms)
2025-11-07 19:19:47 [INFO]: POST /carts - 401 (2ms)
2025-11-07 19:19:47 [INFO]: DELETE /carts/undefined/products/undefined - 401 (2ms)
2025-11-07 19:19:47 [INFO]: POST /users/register - 400 (1ms)
2025-11-07 19:19:47 [INFO]: POST /users/login - 400 (1ms)
2025-11-07 19:19:47 [INFO]: POST /products - 401 (2ms)
2025-11-07 19:19:47 [INFO]: POST /carts - 401 (2ms)
2025-11-07 19:19:47 [INFO]: DELETE /carts/clear/undefined - 401 (4ms)
2025-11-07 19:19:48 [INFO]: POST /users/register - 400 (1ms)
2025-11-07 19:19:48 [INFO]: POST /users/register - 400 (1ms)
2025-11-07 19:19:48 [INFO]: POST /users/login - 400 (1ms)
2025-11-07 19:19:48 [INFO]: POST /users/register - 400 (1ms)
2025-11-07 19:19:48 [INFO]: POST /users/login - 400 (1ms)
2025-11-07 19:19:48 [INFO]: GET /users/profile - 401 (2ms)
2025-11-07 19:19:48 [INFO]: POST /users/register - 400 (2ms)
2025-11-07 19:19:48 [INFO]: POST /users/login - 400 (2ms)
2025-11-07 19:19:48 [INFO]: POST /users/refresh - 401 (6ms)
2025-11-07 19:19:48 [INFO]: POST /users/register - 400 (1ms)
2025-11-07 19:19:48 [INFO]: POST /users/login - 400 (1ms)
2025-11-07 19:19:48 [INFO]: POST /users/logout - 200 (6ms)
2025-11-07 19:19:50 [INFO]: POST /users/register - 400 (2ms)
2025-11-07 19:19:50 [INFO]: POST /users/login - 400 (1ms)
2025-11-07 19:19:50 [INFO]: POST /products - 401 (3ms)
2025-11-07 19:19:50 [INFO]: POST /users/register - 400 (1ms)
2025-11-07 19:19:50 [INFO]: POST /users/login - 400 (2ms)
2025-11-07 19:19:50 [INFO]: GET /products - 401 (3ms)
2025-11-07 19:19:51 [INFO]: GET / - 200 (3ms)
2025-11-07 19:19:51 [INFO]: GET /api/docs - 301 (13ms)
2025-11-07 19:20:23 [INFO]: POST /users/register - 400 (17ms)
2025-11-07 19:20:23 [INFO]: POST /users/login - 400 (2ms)
2025-11-07 19:20:23 [INFO]: POST /ticket/purchase - 401 (12ms)
2025-11-07 19:20:25 [INFO]: POST /users/register - 400 (7ms)
2025-11-07 19:20:25 [INFO]: POST /users/login - 400 (12ms)
2025-11-07 19:20:25 [INFO]: POST /products - 401 (7ms)
2025-11-07 19:20:25 [INFO]: POST /carts - 401 (5ms)
2025-11-07 19:20:25 [INFO]: GET /carts - 401 (6ms)
2025-11-07 19:20:25 [INFO]: POST /users/register - 400 (3ms)
2025-11-07 19:20:25 [INFO]: POST /users/login - 400 (3ms)
2025-11-07 19:20:25 [INFO]: POST /products - 401 (5ms)
2025-11-07 19:20:25 [INFO]: POST /carts - 401 (6ms)
2025-11-07 19:20:25 [INFO]: POST /carts/undefined/products/undefined - 404 (12ms)
2025-11-07 19:20:25 [INFO]: POST /users/register - 400 (4ms)
2025-11-07 19:20:25 [INFO]: POST /users/login - 400 (3ms)
2025-11-07 19:20:25 [INFO]: POST /products - 401 (7ms)
2025-11-07 19:20:25 [INFO]: POST /carts - 401 (5ms)
2025-11-07 19:20:25 [INFO]: PUT /carts/undefined/products/undefined - 401 (9ms)
2025-11-07 19:20:26 [INFO]: POST /users/register - 400 (3ms)
2025-11-07 19:20:26 [INFO]: POST /users/login - 400 (4ms)
2025-11-07 19:20:26 [INFO]: POST /products - 401 (5ms)
2025-11-07 19:20:26 [INFO]: POST /carts - 401 (7ms)
2025-11-07 19:20:26 [INFO]: DELETE /carts/undefined/products/undefined - 401 (5ms)
2025-11-07 19:20:26 [INFO]: POST /users/register - 400 (2ms)
2025-11-07 19:20:26 [INFO]: POST /users/login - 400 (2ms)
2025-11-07 19:20:26 [INFO]: POST /products - 401 (5ms)
2025-11-07 19:20:26 [INFO]: POST /carts - 401 (5ms)
2025-11-07 19:20:26 [INFO]: DELETE /carts/clear/undefined - 401 (6ms)
2025-11-07 19:20:29 [INFO]: POST /users/register - 400 (5ms)
2025-11-07 19:20:29 [INFO]: POST /users/register - 400 (1ms)
2025-11-07 19:20:29 [INFO]: POST /users/login - 400 (1ms)
2025-11-07 19:20:29 [INFO]: POST /users/register - 400 (1ms)
2025-11-07 19:20:29 [INFO]: POST /users/login - 400 (1ms)
2025-11-07 19:20:29 [INFO]: GET /users/profile - 401 (1ms)
2025-11-07 19:20:29 [INFO]: POST /users/register - 400 (2ms)
2025-11-07 19:20:29 [INFO]: POST /users/login - 400 (0ms)
2025-11-07 19:20:29 [INFO]: POST /users/refresh - 401 (4ms)
2025-11-07 19:20:30 [INFO]: POST /users/register - 400 (3ms)
2025-11-07 19:20:30 [INFO]: POST /users/login - 400 (1ms)
2025-11-07 19:20:30 [INFO]: POST /users/logout - 200 (9ms)
2025-11-07 19:20:32 [INFO]: POST /users/register - 400 (7ms)
2025-11-07 19:20:33 [INFO]: POST /users/login - 400 (4ms)
2025-11-07 19:20:33 [INFO]: POST /products - 401 (9ms)
2025-11-07 19:20:33 [INFO]: POST /users/register - 400 (1ms)
2025-11-07 19:20:33 [INFO]: POST /users/login - 400 (1ms)
2025-11-07 19:20:33 [INFO]: GET /products - 401 (3ms)
2025-11-07 19:20:35 [INFO]: GET / - 200 (6ms)
2025-11-07 19:20:35 [INFO]: GET /api/docs - 301 (26ms)
2025-11-07 19:24:45 [INFO]: POST /users/register - 400 (13ms)
2025-11-07 19:24:46 [INFO]: POST /users/login - 400 (7ms)
2025-11-07 19:24:46 [INFO]: POST /ticket/purchase - 401 (15ms)
2025-11-07 19:24:47 [INFO]: POST /users/register - 400 (1ms)
2025-11-07 19:24:47 [INFO]: POST /users/register - 400 (2ms)
2025-11-07 19:24:47 [INFO]: POST /users/login - 400 (2ms)
2025-11-07 19:24:47 [INFO]: POST /users/register - 400 (2ms)
2025-11-07 19:24:47 [INFO]: POST /users/login - 400 (1ms)
2025-11-07 19:24:47 [INFO]: GET /users/profile - 401 (2ms)
2025-11-07 19:24:47 [INFO]: POST /users/register - 400 (2ms)
2025-11-07 19:24:47 [INFO]: POST /users/login - 400 (1ms)
2025-11-07 19:24:47 [INFO]: POST /users/refresh - 401 (6ms)
2025-11-07 19:24:48 [INFO]: POST /users/register - 400 (2ms)
2025-11-07 19:24:48 [INFO]: POST /users/login - 400 (2ms)
2025-11-07 19:24:48 [INFO]: POST /users/logout - 200 (6ms)
2025-11-07 19:24:49 [INFO]: POST /users/register - 400 (3ms)
2025-11-07 19:24:49 [INFO]: POST /users/login - 400 (2ms)
2025-11-07 19:24:49 [INFO]: POST /products - 401 (3ms)
2025-11-07 19:24:49 [INFO]: POST /carts - 401 (5ms)
2025-11-07 19:24:49 [INFO]: GET /carts - 401 (3ms)
2025-11-07 19:24:49 [INFO]: POST /users/register - 400 (1ms)
2025-11-07 19:24:49 [INFO]: POST /users/login - 400 (1ms)
2025-11-07 19:24:49 [INFO]: POST /products - 401 (1ms)
2025-11-07 19:24:49 [INFO]: POST /carts - 401 (2ms)
2025-11-07 19:24:49 [INFO]: POST /carts/undefined/products/undefined - 404 (4ms)
2025-11-07 19:24:49 [INFO]: POST /users/register - 400 (1ms)
2025-11-07 19:24:50 [INFO]: POST /users/login - 400 (2ms)
2025-11-07 19:24:50 [INFO]: POST /products - 401 (4ms)
2025-11-07 19:24:50 [INFO]: POST /carts - 401 (6ms)
2025-11-07 19:24:50 [INFO]: PUT /carts/undefined/products/undefined - 401 (3ms)
2025-11-07 19:24:50 [INFO]: POST /users/register - 400 (1ms)
2025-11-07 19:24:50 [INFO]: POST /users/login - 400 (1ms)
2025-11-07 19:24:50 [INFO]: POST /products - 401 (3ms)
2025-11-07 19:24:50 [INFO]: POST /carts - 401 (3ms)
2025-11-07 19:24:50 [INFO]: DELETE /carts/undefined/products/undefined - 401 (2ms)
2025-11-07 19:24:50 [INFO]: POST /users/register - 400 (1ms)
2025-11-07 19:24:50 [INFO]: POST /users/login - 400 (1ms)
2025-11-07 19:24:50 [INFO]: POST /products - 401 (2ms)
2025-11-07 19:24:50 [INFO]: POST /carts - 401 (3ms)
2025-11-07 19:24:50 [INFO]: DELETE /carts/clear/undefined - 401 (2ms)
2025-11-07 19:24:51 [INFO]: POST /users/register - 400 (1ms)
2025-11-07 19:24:51 [INFO]: POST /users/login - 400 (1ms)
2025-11-07 19:24:51 [INFO]: POST /products - 401 (2ms)
2025-11-07 19:24:51 [INFO]: POST /users/register - 400 (1ms)
2025-11-07 19:24:51 [INFO]: POST /users/login - 400 (2ms)
2025-11-07 19:24:51 [INFO]: GET /products - 401 (4ms)
2025-11-07 19:24:53 [INFO]: GET / - 200 (2ms)
2025-11-07 19:24:53 [INFO]: GET /api/docs - 301 (15ms)
2025-11-07 19:28:43 [INFO]: POST /users/register - 400 (13ms)
2025-11-07 19:28:43 [INFO]: POST /users/login - 400 (1ms)
2025-11-07 19:28:43 [INFO]: POST /ticket/purchase - 401 (8ms)
2025-11-07 19:28:45 [INFO]: POST /users/register - 400 (1ms)
2025-11-07 19:28:45 [INFO]: POST /users/login - 400 (2ms)
2025-11-07 19:28:45 [INFO]: POST /products - 401 (2ms)
2025-11-07 19:28:45 [INFO]: POST /carts - 401 (2ms)
2025-11-07 19:28:45 [INFO]: GET /carts - 401 (3ms)
2025-11-07 19:28:45 [INFO]: POST /users/register - 400 (1ms)
2025-11-07 19:28:45 [INFO]: POST /users/login - 400 (1ms)
2025-11-07 19:28:45 [INFO]: POST /products - 401 (3ms)
2025-11-07 19:28:45 [INFO]: POST /carts - 401 (3ms)
2025-11-07 19:28:45 [INFO]: POST /carts/undefined/products/undefined - 404 (4ms)
2025-11-07 19:28:46 [INFO]: POST /users/register - 400 (1ms)
2025-11-07 19:28:46 [INFO]: POST /users/login - 400 (1ms)
2025-11-07 19:28:46 [INFO]: POST /products - 401 (2ms)
2025-11-07 19:28:46 [INFO]: POST /carts - 401 (2ms)
2025-11-07 19:28:46 [INFO]: PUT /carts/undefined/products/undefined - 401 (3ms)
2025-11-07 19:28:46 [INFO]: POST /users/register - 400 (1ms)
2025-11-07 19:28:46 [INFO]: POST /users/login - 400 (1ms)
2025-11-07 19:28:46 [INFO]: POST /products - 401 (3ms)
2025-11-07 19:28:46 [INFO]: POST /carts - 401 (6ms)
2025-11-07 19:28:46 [INFO]: DELETE /carts/undefined/products/undefined - 401 (2ms)
2025-11-07 19:28:46 [INFO]: POST /users/register - 400 (2ms)
2025-11-07 19:28:46 [INFO]: POST /users/login - 400 (3ms)
2025-11-07 19:28:46 [INFO]: POST /products - 401 (3ms)
2025-11-07 19:28:46 [INFO]: POST /carts - 401 (4ms)
2025-11-07 19:28:46 [INFO]: DELETE /carts/clear/undefined - 401 (5ms)
2025-11-07 19:28:48 [INFO]: POST /users/register - 400 (5ms)
2025-11-07 19:28:48 [INFO]: POST /users/register - 400 (1ms)
2025-11-07 19:28:48 [INFO]: POST /users/login - 400 (1ms)
2025-11-07 19:28:48 [INFO]: POST /users/register - 400 (1ms)
2025-11-07 19:28:48 [INFO]: POST /users/login - 400 (1ms)
2025-11-07 19:28:48 [INFO]: GET /users/profile - 401 (4ms)
2025-11-07 19:28:48 [INFO]: POST /users/register - 400 (3ms)
2025-11-07 19:28:48 [INFO]: POST /users/login - 400 (2ms)
2025-11-07 19:28:48 [INFO]: POST /users/refresh - 401 (7ms)
2025-11-07 19:28:48 [INFO]: POST /users/register - 400 (1ms)
2025-11-07 19:28:48 [INFO]: POST /users/login - 400 (1ms)
2025-11-07 19:28:48 [INFO]: POST /users/logout - 200 (5ms)
2025-11-07 19:28:50 [INFO]: GET / - 200 (2ms)
2025-11-07 19:28:50 [INFO]: GET /api/docs - 301 (14ms)
2025-11-07 19:28:51 [INFO]: POST /users/register - 400 (2ms)
2025-11-07 19:28:51 [INFO]: POST /users/login - 400 (1ms)
2025-11-07 19:28:51 [INFO]: POST /products - 401 (3ms)
2025-11-07 19:28:51 [INFO]: POST /users/register - 400 (2ms)
2025-11-07 19:28:51 [INFO]: POST /users/login - 400 (1ms)
2025-11-07 19:28:51 [INFO]: GET /products - 401 (2ms)
2025-11-10 15:23:51 [INFO]: POST /users/register - 400 (45ms)
2025-11-10 15:23:51 [INFO]: POST /users/login - 400 (5ms)
2025-11-10 15:23:51 [INFO]: POST /ticket/purchase - 401 (36ms)
2025-11-10 15:23:59 [INFO]: POST /users/register - 400 (5ms)
2025-11-10 15:23:59 [INFO]: POST /users/login - 400 (4ms)
2025-11-10 15:23:59 [INFO]: POST /products - 401 (4ms)
2025-11-10 15:23:59 [INFO]: POST /carts - 401 (8ms)
2025-11-10 15:23:59 [INFO]: GET /carts - 401 (9ms)
2025-11-10 15:23:59 [INFO]: POST /users/register - 400 (4ms)
2025-11-10 15:23:59 [INFO]: POST /users/login - 400 (6ms)
2025-11-10 15:23:59 [INFO]: POST /products - 401 (5ms)
2025-11-10 15:23:59 [INFO]: POST /carts - 401 (8ms)
2025-11-10 15:23:59 [INFO]: POST /carts/undefined/products/undefined - 404 (34ms)
2025-11-10 15:24:00 [INFO]: POST /users/register - 400 (41ms)
2025-11-10 15:24:00 [INFO]: POST /users/login - 400 (6ms)
2025-11-10 15:24:00 [INFO]: POST /products - 401 (10ms)
2025-11-10 15:24:00 [INFO]: POST /carts - 401 (4ms)
2025-11-10 15:24:00 [INFO]: PUT /carts/undefined/products/undefined - 401 (9ms)
2025-11-10 15:24:00 [INFO]: POST /users/register - 400 (3ms)
2025-11-10 15:24:00 [INFO]: POST /users/login - 400 (5ms)
2025-11-10 15:24:00 [INFO]: POST /products - 401 (6ms)
2025-11-10 15:24:00 [INFO]: POST /carts - 401 (11ms)
2025-11-10 15:24:00 [INFO]: DELETE /carts/undefined/products/undefined - 401 (9ms)
2025-11-10 15:24:00 [INFO]: POST /users/register - 400 (5ms)
2025-11-10 15:24:00 [INFO]: POST /users/login - 400 (3ms)
2025-11-10 15:24:01 [INFO]: POST /products - 401 (5ms)
2025-11-10 15:24:01 [INFO]: POST /carts - 401 (9ms)
2025-11-10 15:24:01 [INFO]: DELETE /carts/clear/undefined - 401 (5ms)
2025-11-10 15:24:05 [INFO]: POST /users/register - 400 (6ms)
2025-11-10 15:24:05 [INFO]: POST /users/register - 400 (4ms)
2025-11-10 15:24:05 [INFO]: POST /users/login - 400 (2ms)
2025-11-10 15:24:05 [INFO]: POST /users/register - 400 (6ms)
2025-11-10 15:24:05 [INFO]: POST /users/login - 400 (2ms)
2025-11-10 15:24:05 [INFO]: GET /users/profile - 401 (5ms)
2025-11-10 15:24:05 [INFO]: POST /users/register - 400 (4ms)
2025-11-10 15:24:05 [INFO]: POST /users/login - 400 (2ms)
2025-11-10 15:24:05 [INFO]: POST /users/refresh - 401 (38ms)
2025-11-10 15:24:05 [INFO]: POST /users/register - 400 (1ms)
2025-11-10 15:24:05 [INFO]: POST /users/login - 400 (3ms)
2025-11-10 15:24:05 [INFO]: POST /users/logout - 200 (14ms)
2025-11-10 15:24:14 [INFO]: POST /users/register - 400 (3ms)
2025-11-10 15:24:14 [INFO]: POST /users/login - 400 (3ms)
2025-11-10 15:24:14 [INFO]: POST /products - 401 (6ms)
2025-11-10 15:24:14 [INFO]: POST /users/register - 400 (5ms)
2025-11-10 15:24:14 [INFO]: POST /users/login - 400 (4ms)
2025-11-10 15:24:14 [INFO]: GET /products - 401 (9ms)
2025-11-10 15:24:20 [INFO]: GET / - 200 (8ms)
2025-11-10 15:24:20 [INFO]: GET /api/docs - 301 (27ms)
2025-11-10 16:10:42 [INFO]: POST /users/register - 400 (26ms)
2025-11-10 16:10:42 [INFO]: POST /users/login - 400 (2ms)
2025-11-10 16:10:42 [INFO]: POST /ticket/purchase - 401 (28ms)
2025-11-10 16:10:47 [INFO]: POST /users/register - 400 (4ms)
2025-11-10 16:10:47 [INFO]: POST /users/login - 400 (4ms)
2025-11-10 16:10:47 [INFO]: POST /products - 401 (7ms)
2025-11-10 16:10:47 [INFO]: POST /carts - 401 (9ms)
2025-11-10 16:10:47 [INFO]: GET /carts - 401 (6ms)
2025-11-10 16:10:47 [INFO]: POST /users/register - 400 (4ms)
2025-11-10 16:10:47 [INFO]: POST /users/login - 400 (4ms)
2025-11-10 16:10:47 [INFO]: POST /products - 401 (6ms)
2025-11-10 16:10:47 [INFO]: POST /carts - 401 (44ms)
2025-11-10 16:10:47 [INFO]: POST /carts/undefined/products/undefined - 404 (15ms)
2025-11-10 16:10:47 [INFO]: POST /users/register - 400 (3ms)
2025-11-10 16:10:48 [INFO]: POST /users/login - 400 (5ms)
2025-11-10 16:10:48 [INFO]: POST /products - 401 (9ms)
2025-11-10 16:10:48 [INFO]: POST /carts - 401 (6ms)
2025-11-10 16:10:48 [INFO]: PUT /carts/undefined/products/undefined - 401 (13ms)
2025-11-10 16:10:48 [INFO]: POST /users/register - 400 (12ms)
2025-11-10 16:10:48 [INFO]: POST /users/login - 400 (4ms)
2025-11-10 16:10:48 [INFO]: POST /products - 401 (6ms)
2025-11-10 16:10:48 [INFO]: POST /carts - 401 (7ms)
2025-11-10 16:10:48 [INFO]: DELETE /carts/undefined/products/undefined - 401 (8ms)
2025-11-10 16:10:48 [INFO]: POST /users/register - 400 (6ms)
2025-11-10 16:10:49 [INFO]: POST /users/login - 400 (5ms)
2025-11-10 16:10:49 [INFO]: POST /products - 401 (7ms)
2025-11-10 16:10:49 [INFO]: POST /carts - 401 (8ms)
2025-11-10 16:10:49 [INFO]: DELETE /carts/clear/undefined - 401 (9ms)
2025-11-10 16:10:54 [INFO]: POST /users/register - 400 (5ms)
2025-11-10 16:10:54 [INFO]: POST /users/login - 400 (4ms)
2025-11-10 16:10:54 [INFO]: POST /products - 401 (5ms)
2025-11-10 16:10:54 [INFO]: POST /users/register - 400 (4ms)
2025-11-10 16:10:54 [INFO]: POST /users/login - 400 (3ms)
2025-11-10 16:10:54 [INFO]: GET /products - 401 (7ms)
2025-11-10 16:10:59 [INFO]: GET / - 200 (10ms)
2025-11-10 16:10:59 [INFO]: GET /api/docs - 301 (23ms)
2025-11-10 16:11:03 [INFO]: POST /users/register - 400 (5ms)
2025-11-10 16:11:03 [INFO]: POST /users/register - 400 (4ms)
2025-11-10 16:11:03 [INFO]: POST /users/login - 400 (4ms)
2025-11-10 16:11:03 [INFO]: POST /users/register - 400 (7ms)
2025-11-10 16:11:03 [INFO]: POST /users/login - 400 (3ms)
2025-11-10 16:11:03 [INFO]: GET /users/profile - 401 (18ms)
2025-11-10 16:11:04 [INFO]: POST /users/register - 400 (50ms)
2025-11-10 16:11:04 [INFO]: POST /users/login - 400 (6ms)
2025-11-10 16:11:04 [INFO]: POST /users/refresh - 401 (18ms)
2025-11-10 16:11:04 [INFO]: POST /users/register - 400 (5ms)
2025-11-10 16:11:04 [INFO]: POST /users/login - 400 (19ms)
2025-11-10 16:11:05 [INFO]: POST /users/logout - 200 (34ms)
2025-11-11 20:20:16 [INFO]: POST /users/register - 400 (121ms)
2025-11-11 20:20:19 [INFO]: POST /users/login - 400 (6ms)
2025-11-11 20:20:19 [INFO]: POST /ticket/purchase - 401 (47ms)
2025-11-11 20:20:26 [INFO]: POST /users/register - 400 (8ms)
2025-11-11 20:20:26 [INFO]: POST /users/login - 400 (6ms)
2025-11-11 20:20:26 [INFO]: POST /products - 401 (4ms)
2025-11-11 20:20:26 [INFO]: POST /carts - 401 (6ms)
2025-11-11 20:20:27 [INFO]: GET /carts - 401 (10ms)
2025-11-11 20:20:27 [INFO]: POST /users/register - 400 (1ms)
2025-11-11 20:20:27 [INFO]: POST /users/login - 400 (2ms)
2025-11-11 20:20:27 [INFO]: POST /products - 401 (3ms)
2025-11-11 20:20:27 [INFO]: POST /carts - 401 (3ms)
2025-11-11 20:20:27 [INFO]: POST /carts/undefined/products/undefined - 404 (7ms)
2025-11-11 20:20:27 [INFO]: POST /users/register - 400 (2ms)
2025-11-11 20:20:27 [INFO]: POST /users/login - 400 (1ms)
2025-11-11 20:20:27 [INFO]: POST /products - 401 (3ms)
2025-11-11 20:20:27 [INFO]: POST /carts - 401 (3ms)
2025-11-11 20:20:27 [INFO]: PUT /carts/undefined/products/undefined - 401 (3ms)
2025-11-11 20:20:27 [INFO]: POST /users/register - 400 (3ms)
2025-11-11 20:20:27 [INFO]: POST /users/login - 400 (2ms)
2025-11-11 20:20:27 [INFO]: POST /products - 401 (7ms)
2025-11-11 20:20:27 [INFO]: POST /carts - 401 (3ms)
2025-11-11 20:20:27 [INFO]: DELETE /carts/undefined/products/undefined - 401 (2ms)
2025-11-11 20:20:27 [INFO]: POST /users/register - 400 (2ms)
2025-11-11 20:20:27 [INFO]: POST /users/login - 400 (1ms)
2025-11-11 20:20:27 [INFO]: POST /products - 401 (2ms)
2025-11-11 20:20:27 [INFO]: POST /carts - 401 (2ms)
2025-11-11 20:20:27 [INFO]: DELETE /carts/clear/undefined - 401 (3ms)
2025-11-11 20:20:29 [INFO]: POST /users/register - 400 (2ms)
2025-11-11 20:20:29 [INFO]: POST /users/register - 400 (1ms)
2025-11-11 20:20:29 [INFO]: POST /users/login - 400 (1ms)
2025-11-11 20:20:29 [INFO]: POST /users/register - 400 (1ms)
2025-11-11 20:20:29 [INFO]: POST /users/login - 400 (1ms)
2025-11-11 20:20:29 [INFO]: GET /users/profile - 401 (2ms)
2025-11-11 20:20:29 [INFO]: POST /users/register - 400 (1ms)
2025-11-11 20:20:29 [INFO]: POST /users/login - 400 (1ms)
2025-11-11 20:20:29 [INFO]: POST /users/refresh - 401 (27ms)
2025-11-11 20:20:29 [INFO]: POST /users/register - 400 (2ms)
2025-11-11 20:20:29 [INFO]: POST /users/login - 400 (2ms)
2025-11-11 20:20:29 [INFO]: POST /users/logout - 200 (11ms)
2025-11-11 20:20:31 [INFO]: POST /users/register - 400 (2ms)
2025-11-11 20:20:31 [INFO]: POST /users/login - 400 (2ms)
2025-11-11 20:20:31 [INFO]: POST /products - 401 (2ms)
2025-11-11 20:20:32 [INFO]: POST /users/register - 400 (3ms)
2025-11-11 20:20:32 [INFO]: POST /users/login - 400 (2ms)
2025-11-11 20:20:32 [INFO]: GET /products - 401 (2ms)
2025-11-11 20:20:34 [INFO]: GET / - 200 (6ms)
2025-11-11 20:20:34 [INFO]: GET /api/docs - 301 (17ms)
2025-11-13 20:11:26 [INFO]: POST /users/register - 400 (58ms)
2025-11-13 20:11:26 [INFO]: POST /users/login - 400 (4ms)
2025-11-13 20:11:27 [INFO]: POST /ticket/purchase - 401 (27ms)
2025-11-13 20:11:31 [INFO]: POST /users/register - 400 (5ms)
2025-11-13 20:11:31 [INFO]: POST /users/login - 400 (3ms)
2025-11-13 20:11:31 [INFO]: POST /products - 401 (8ms)
2025-11-13 20:11:31 [INFO]: POST /carts - 401 (10ms)
2025-11-13 20:11:31 [INFO]: GET /carts - 401 (9ms)
2025-11-13 20:11:31 [INFO]: POST /users/register - 400 (3ms)
2025-11-13 20:11:31 [INFO]: POST /users/login - 400 (3ms)
2025-11-13 20:11:31 [INFO]: POST /products - 401 (8ms)
2025-11-13 20:11:31 [INFO]: POST /carts - 401 (8ms)
2025-11-13 20:11:31 [INFO]: POST /carts/undefined/products/undefined - 404 (11ms)
2025-11-13 20:11:32 [INFO]: POST /users/register - 400 (11ms)
2025-11-13 20:11:32 [INFO]: POST /users/login - 400 (8ms)
2025-11-13 20:11:32 [INFO]: POST /products - 401 (12ms)
2025-11-13 20:11:32 [INFO]: POST /carts - 401 (15ms)
2025-11-13 20:11:32 [INFO]: PUT /carts/undefined/products/undefined - 401 (10ms)
2025-11-13 20:11:32 [INFO]: POST /users/register - 400 (2ms)
2025-11-13 20:11:32 [INFO]: POST /users/login - 400 (2ms)
2025-11-13 20:11:32 [INFO]: POST /products - 401 (5ms)
2025-11-13 20:11:32 [INFO]: POST /carts - 401 (4ms)
2025-11-13 20:11:32 [INFO]: DELETE /carts/undefined/products/undefined - 401 (7ms)
2025-11-13 20:11:32 [INFO]: POST /users/register - 400 (2ms)
2025-11-13 20:11:32 [INFO]: POST /users/login - 400 (7ms)
2025-11-13 20:11:33 [INFO]: POST /products - 401 (12ms)
2025-11-13 20:11:33 [INFO]: POST /carts - 401 (7ms)
2025-11-13 20:11:33 [INFO]: DELETE /carts/clear/undefined - 401 (9ms)
2025-11-13 20:11:38 [INFO]: POST /users/register - 400 (4ms)
2025-11-13 20:11:38 [INFO]: POST /users/register - 400 (4ms)
2025-11-13 20:11:38 [INFO]: POST /users/login - 400 (2ms)
2025-11-13 20:11:38 [INFO]: POST /users/register - 400 (10ms)
2025-11-13 20:11:38 [INFO]: POST /users/login - 400 (3ms)
2025-11-13 20:11:38 [INFO]: GET /users/profile - 401 (13ms)
2025-11-13 20:11:38 [INFO]: POST /users/register - 400 (5ms)
2025-11-13 20:11:38 [INFO]: POST /users/login - 400 (4ms)
2025-11-13 20:11:38 [INFO]: POST /users/refresh - 401 (14ms)
2025-11-13 20:11:39 [INFO]: POST /users/register - 400 (9ms)
2025-11-13 20:11:39 [INFO]: POST /users/login - 400 (3ms)
2025-11-13 20:11:39 [INFO]: POST /users/logout - 200 (21ms)
2025-11-13 20:11:43 [INFO]: POST /users/register - 400 (5ms)
2025-11-13 20:11:43 [INFO]: POST /users/login - 400 (3ms)
2025-11-13 20:11:44 [INFO]: POST /products - 401 (6ms)
2025-11-13 20:11:44 [INFO]: POST /users/register - 400 (7ms)
2025-11-13 20:11:44 [INFO]: POST /users/login - 400 (4ms)
2025-11-13 20:11:44 [INFO]: GET /products - 401 (3ms)
2025-11-13 20:11:51 [INFO]: GET / - 200 (8ms)
2025-11-13 20:11:51 [INFO]: GET /api/docs - 301 (27ms)
2025-11-17 15:45:18 [INFO]: GET /api/docs/ - 200 (37ms)
2025-11-17 15:45:18 [INFO]: GET /api/docs/ - 200 (3ms)
2025-11-17 15:45:18 [INFO]: GET /api/docs/swagger-ui.css - 200 (13ms)
2025-11-17 15:45:18 [INFO]: GET /api/docs/swagger-ui-standalone-preset.js - 200 (15ms)
2025-11-17 15:45:18 [INFO]: GET /api/docs/swagger-ui-init.js - 200 (3ms)
2025-11-17 15:45:18 [INFO]: GET /api/docs/swagger-ui-bundle.js - 200 (67ms)
2025-11-17 15:45:18 [INFO]: GET /api/docs/favicon-32x32.png - 200 (5ms)
2025-11-17 15:45:43 [INFO]: GET /health - 200 (7ms)
2025-11-17 15:45:44 [INFO]: GET /favicon.ico - 404 (8ms)
2025-11-17 16:23:57 [INFO]: POST /users/register - 400 (47ms)
2025-11-17 16:23:57 [INFO]: POST /users/login - 400 (4ms)
2025-11-17 16:23:57 [INFO]: POST /ticket/purchase - 401 (29ms)
2025-11-17 16:24:04 [INFO]: POST /users/register - 400 (7ms)
2025-11-17 16:24:04 [INFO]: POST /users/register - 400 (7ms)
2025-11-17 16:24:04 [INFO]: POST /users/login - 400 (4ms)
2025-11-17 16:24:04 [INFO]: POST /users/register - 400 (5ms)
2025-11-17 16:24:04 [INFO]: POST /users/login - 400 (5ms)
2025-11-17 16:24:04 [INFO]: GET /users/profile - 401 (9ms)
2025-11-17 16:24:05 [INFO]: POST /users/register - 400 (5ms)
2025-11-17 16:24:05 [INFO]: POST /users/login - 400 (4ms)
2025-11-17 16:24:05 [INFO]: POST /users/refresh - 401 (42ms)
2025-11-17 16:24:05 [INFO]: POST /users/register - 400 (4ms)
2025-11-17 16:24:05 [INFO]: POST /users/login - 400 (4ms)
2025-11-17 16:24:05 [INFO]: POST /users/logout - 200 (34ms)
2025-11-17 16:24:10 [INFO]: POST /users/register - 400 (5ms)
2025-11-17 16:24:10 [INFO]: POST /users/login - 400 (4ms)
2025-11-17 16:24:11 [INFO]: POST /products - 401 (12ms)
2025-11-17 16:24:11 [INFO]: POST /carts - 401 (7ms)
2025-11-17 16:24:11 [INFO]: GET /carts - 401 (8ms)
2025-11-17 16:24:11 [INFO]: POST /users/register - 400 (2ms)
2025-11-17 16:24:11 [INFO]: POST /users/login - 400 (4ms)
2025-11-17 16:24:11 [INFO]: POST /products - 401 (12ms)
2025-11-17 16:24:11 [INFO]: POST /carts - 401 (10ms)
2025-11-17 16:24:11 [INFO]: POST /carts/undefined/products/undefined - 404 (14ms)
2025-11-17 16:24:11 [INFO]: POST /users/register - 400 (4ms)
2025-11-17 16:24:12 [INFO]: POST /users/login - 400 (4ms)
2025-11-17 16:24:12 [INFO]: POST /products - 401 (8ms)
2025-11-17 16:24:12 [INFO]: POST /carts - 401 (7ms)
2025-11-17 16:24:12 [INFO]: PUT /carts/undefined/products/undefined - 401 (6ms)
2025-11-17 16:24:12 [INFO]: POST /users/register - 400 (5ms)
2025-11-17 16:24:12 [INFO]: POST /users/login - 400 (5ms)
2025-11-17 16:24:12 [INFO]: POST /products - 401 (9ms)
2025-11-17 16:24:12 [INFO]: POST /carts - 401 (7ms)
2025-11-17 16:24:12 [INFO]: DELETE /carts/undefined/products/undefined - 401 (6ms)
2025-11-17 16:24:13 [INFO]: POST /users/register - 400 (7ms)
2025-11-17 16:24:13 [INFO]: POST /users/login - 400 (2ms)
2025-11-17 16:24:13 [INFO]: POST /products - 401 (8ms)
2025-11-17 16:24:13 [INFO]: POST /carts - 401 (7ms)
2025-11-17 16:24:13 [INFO]: DELETE /carts/clear/undefined - 401 (6ms)
2025-11-17 16:24:19 [INFO]: POST /users/register - 400 (4ms)
2025-11-17 16:24:19 [INFO]: POST /users/login - 400 (2ms)
2025-11-17 16:24:20 [INFO]: POST /products - 401 (13ms)
2025-11-17 16:24:20 [INFO]: POST /users/register - 400 (6ms)
2025-11-17 16:24:20 [INFO]: POST /users/login - 400 (5ms)
2025-11-17 16:24:20 [INFO]: GET /products - 401 (11ms)
2025-11-17 16:24:25 [INFO]: GET / - 200 (6ms)
2025-11-17 16:24:25 [INFO]: GET /api/docs - 301 (27ms)
